,DATE,RATE
1,2009-11-27,2.0
2,2009-11-28,2.0
3,2009-11-29,2.0
4,2009-11-30,2.01
5,2009-12-01,2.0
6,2009-12-02,2.0
7,2009-12-03,2.0
8,2009-12-04,2.0
9,2009-12-05,2.0
10,2009-12-06,2.0
11,2009-12-07,1.99
12,2009-12-08,1.97
13,2009-12-09,1.97
14,2009-12-10,2.01
15,2009-12-11,2.0
16,2009-12-12,2.0
17,2009-12-13,2.0
18,2009-12-14,2.0
19,2009-12-15,2.0
20,2009-12-16,2.0
21,2009-12-17,2.0
22,2009-12-18,2.0
23,2009-12-19,2.0
24,2009-12-20,2.0
25,2009-12-21,2.0
26,2009-12-22,1.99
27,2009-12-23,1.99
28,2009-12-24,1.98
29,2009-12-25,1.98
30,2009-12-26,1.98
31,2009-12-27,1.98
32,2009-12-28,2.0
33,2009-12-29,2.0
34,2009-12-30,2.0
35,2009-12-31,2.01
36,2010-01-01,2.01
37,2010-01-02,2.01
38,2010-01-03,2.01
39,2010-01-04,1.99
40,2010-01-05,1.98
41,2010-01-06,1.96
42,2010-01-07,2.0
43,2010-01-08,2.0
44,2010-01-09,2.0
45,2010-01-10,2.0
46,2010-01-11,2.0
47,2010-01-12,2.0
48,2010-01-13,2.0
49,2010-01-14,2.0
50,2010-01-15,2.0
51,2010-01-16,2.0
52,2010-01-17,2.0
53,2010-01-18,1.99
54,2010-01-19,1.99
55,2010-01-20,1.97
56,2010-01-21,2.01
57,2010-01-22,2.0
58,2010-01-23,2.0
59,2010-01-24,2.0
60,2010-01-25,2.01
61,2010-01-26,2.01
62,2010-01-27,2.01
63,2010-01-28,2.01
64,2010-01-29,2.01
65,2010-01-30,2.01
66,2010-01-31,2.01
67,2010-02-01,2.01
68,2010-02-02,2.0
69,2010-02-03,2.0
70,2010-02-04,2.0
71,2010-02-05,2.0
72,2010-02-06,2.0
73,2010-02-07,2.0
74,2010-02-08,2.0
75,2010-02-09,1.99
76,2010-02-10,1.97
77,2010-02-11,2.02
78,2010-02-12,2.02
79,2010-02-13,2.02
80,2010-02-14,2.02
81,2010-02-15,2.02
82,2010-02-16,2.02
83,2010-02-17,2.02
84,2010-02-18,2.02
85,2010-02-19,2.01
86,2010-02-20,2.01
87,2010-02-21,2.01
88,2010-02-22,1.98
89,2010-02-23,1.92
90,2010-02-24,1.9
91,2010-02-25,2.02
92,2010-02-26,2.02
93,2010-02-27,2.02
94,2010-02-28,2.02
95,2010-03-01,2.02
96,2010-03-02,2.02
97,2010-03-03,2.01
98,2010-03-04,2.02
99,2010-03-05,2.01
100,2010-03-06,2.01
101,2010-03-07,2.01
102,2010-03-08,2.02
103,2010-03-09,2.02
104,2010-03-10,1.99
105,2010-03-11,2.02
106,2010-03-12,2.02
107,2010-03-13,2.02
108,2010-03-14,2.02
109,2010-03-15,2.01
110,2010-03-16,2.01
111,2010-03-17,2.0
112,2010-03-18,2.01
113,2010-03-19,2.01
114,2010-03-20,2.01
115,2010-03-21,2.01
116,2010-03-22,2.01
117,2010-03-23,2.0
118,2010-03-24,2.0
119,2010-03-25,2.01
120,2010-03-26,2.0
121,2010-03-27,2.0
122,2010-03-28,2.0
123,2010-03-29,2.0
124,2010-03-30,1.99
125,2010-03-31,2.0
126,2010-04-01,1.99
127,2010-04-02,2.0
128,2010-04-03,2.0
129,2010-04-04,2.0
130,2010-04-05,2.0
131,2010-04-06,2.02
132,2010-04-07,2.02
133,2010-04-08,2.02
134,2010-04-09,2.0
135,2010-04-10,2.0
136,2010-04-11,2.0
137,2010-04-12,2.01
138,2010-04-13,2.01
139,2010-04-14,2.0
140,2010-04-15,2.0
141,2010-04-16,1.99
142,2010-04-17,1.99
143,2010-04-18,1.99
144,2010-04-19,2.0
145,2010-04-20,2.0
146,2010-04-21,2.01
147,2010-04-22,2.0
148,2010-04-23,2.0
149,2010-04-24,2.0
150,2010-04-25,2.0
151,2010-04-26,2.01
152,2010-04-27,2.01
153,2010-04-28,2.01
154,2010-04-29,2.0
155,2010-04-30,2.0
156,2010-05-01,2.0
157,2010-05-02,2.0
158,2010-05-03,2.0
159,2010-05-04,2.05
160,2010-05-05,2.05
161,2010-05-06,2.02
162,2010-05-07,2.01
163,2010-05-08,2.01
164,2010-05-09,2.01
165,2010-05-10,2.01
166,2010-05-11,2.01
167,2010-05-12,2.01
168,2010-05-13,2.01
169,2010-05-14,2.01
170,2010-05-15,2.01
171,2010-05-16,2.01
172,2010-05-17,2.02
173,2010-05-18,2.01
174,2010-05-19,2.01
175,2010-05-20,2.02
176,2010-05-21,2.02
177,2010-05-22,2.02
178,2010-05-23,2.02
179,2010-05-24,2.02
180,2010-05-25,2.02
181,2010-05-26,1.99
182,2010-05-27,1.98
183,2010-05-28,1.98
184,2010-05-29,1.98
185,2010-05-30,1.98
186,2010-05-31,2.0
187,2010-06-01,1.99
188,2010-06-02,1.99
189,2010-06-03,1.99
190,2010-06-04,1.98
191,2010-06-05,1.98
192,2010-06-06,1.98
193,2010-06-07,1.99
194,2010-06-08,1.95
195,2010-06-09,1.97
196,2010-06-10,2.02
197,2010-06-11,2.02
198,2010-06-12,2.02
199,2010-06-13,2.02
200,2010-06-14,2.02
201,2010-06-15,2.02
202,2010-06-16,2.01
203,2010-06-17,2.01
204,2010-06-18,2.0
205,2010-06-19,2.0
206,2010-06-20,2.0
207,2010-06-21,2.01
208,2010-06-22,2.01
209,2010-06-23,1.97
210,2010-06-24,2.02
211,2010-06-25,2.02
212,2010-06-26,2.02
213,2010-06-27,2.02
214,2010-06-28,1.99
215,2010-06-29,1.95
216,2010-06-30,2.03
217,2010-07-01,1.99
218,2010-07-02,1.99
219,2010-07-03,1.99
220,2010-07-04,1.99
221,2010-07-05,2.01
222,2010-07-06,2.05
223,2010-07-07,2.04
224,2010-07-08,2.02
225,2010-07-09,2.26
226,2010-07-10,2.26
227,2010-07-11,2.26
228,2010-07-12,2.27
229,2010-07-13,2.26
230,2010-07-14,2.26
231,2010-07-15,2.27
232,2010-07-16,2.25
233,2010-07-17,2.25
234,2010-07-18,2.25
235,2010-07-19,2.26
236,2010-07-20,2.27
237,2010-07-21,2.27
238,2010-07-22,2.27
239,2010-07-23,2.27
240,2010-07-24,2.27
241,2010-07-25,2.27
242,2010-07-26,2.27
243,2010-07-27,2.27
244,2010-07-28,2.27
245,2010-07-29,2.28
246,2010-07-30,2.28
247,2010-07-31,2.28
248,2010-08-01,2.28
249,2010-08-02,2.28
250,2010-08-03,2.27
251,2010-08-04,2.27
252,2010-08-05,2.28
253,2010-08-06,2.27
254,2010-08-07,2.27
255,2010-08-08,2.27
256,2010-08-09,2.28
257,2010-08-10,2.28
258,2010-08-11,2.29
259,2010-08-12,2.27
260,2010-08-13,2.27
261,2010-08-14,2.27
262,2010-08-15,2.27
263,2010-08-16,2.27
264,2010-08-17,2.27
265,2010-08-18,2.27
266,2010-08-19,2.28
267,2010-08-20,2.28
268,2010-08-21,2.28
269,2010-08-22,2.28
270,2010-08-23,2.26
271,2010-08-24,2.3
272,2010-08-25,2.3
273,2010-08-26,2.28
274,2010-08-27,2.28
275,2010-08-28,2.28
276,2010-08-29,2.28
277,2010-08-30,2.27
278,2010-08-31,2.28
279,2010-09-01,2.27
280,2010-09-02,2.27
281,2010-09-03,2.27
282,2010-09-04,2.27
283,2010-09-05,2.27
284,2010-09-06,2.26
285,2010-09-07,2.26
286,2010-09-08,2.27
287,2010-09-09,2.27
288,2010-09-10,2.27
289,2010-09-11,2.27
290,2010-09-12,2.27
291,2010-09-13,2.27
292,2010-09-14,2.27
293,2010-09-15,2.28
294,2010-09-16,2.28
295,2010-09-17,2.28
296,2010-09-18,2.28
297,2010-09-19,2.28
298,2010-09-20,2.28
299,2010-09-21,2.28
300,2010-09-22,2.28
301,2010-09-23,2.28
302,2010-09-24,2.28
303,2010-09-25,2.28
304,2010-09-26,2.28
305,2010-09-27,2.27
306,2010-09-28,2.27
307,2010-09-29,2.26
308,2010-09-30,2.27
309,2010-10-01,2.27
310,2010-10-02,2.27
311,2010-10-03,2.27
312,2010-10-04,2.24
313,2010-10-05,2.18
314,2010-10-06,2.2
315,2010-10-07,2.28
316,2010-10-08,2.27
317,2010-10-09,2.27
318,2010-10-10,2.27
319,2010-10-11,2.27
320,2010-10-12,2.27
321,2010-10-13,2.27
322,2010-10-14,2.28
323,2010-10-15,2.27
324,2010-10-16,2.27
325,2010-10-17,2.27
326,2010-10-18,2.26
327,2010-10-19,2.28
328,2010-10-20,2.29
329,2010-10-21,2.28
330,2010-10-22,2.28
331,2010-10-23,2.28
332,2010-10-24,2.28
333,2010-10-25,2.25
334,2010-10-26,2.24
335,2010-10-27,2.24
336,2010-10-28,2.24
337,2010-10-29,2.26
338,2010-10-30,2.26
339,2010-10-31,2.26
340,2010-11-01,2.24
341,2010-11-02,2.23
342,2010-11-03,2.24
343,2010-11-04,2.24
344,2010-11-05,2.24
345,2010-11-06,2.24
346,2010-11-07,2.24
347,2010-11-08,2.24
348,2010-11-09,2.27
349,2010-11-10,2.26
350,2010-11-11,2.24
351,2010-11-12,2.24
352,2010-11-13,2.24
353,2010-11-14,2.24
354,2010-11-15,2.24
355,2010-11-16,2.49
356,2010-11-17,2.5
357,2010-11-18,2.5
358,2010-11-19,2.5
359,2010-11-20,2.5
360,2010-11-21,2.5
361,2010-11-22,2.51
362,2010-11-23,2.52
363,2010-11-24,2.54
364,2010-11-25,2.5
365,2010-11-26,2.5
366,2010-11-27,2.5
367,2010-11-28,2.5
368,2010-11-29,2.5
369,2010-11-30,2.51
370,2010-12-01,2.5
371,2010-12-02,2.5
372,2010-12-03,2.5
373,2010-12-04,2.5
374,2010-12-05,2.5
375,2010-12-06,2.5
376,2010-12-07,2.52
377,2010-12-08,2.52
378,2010-12-09,2.51
379,2010-12-10,2.5
380,2010-12-11,2.5
381,2010-12-12,2.5
382,2010-12-13,2.5
383,2010-12-14,2.49
384,2010-12-15,2.49
385,2010-12-16,2.5
386,2010-12-17,2.49
387,2010-12-18,2.49
388,2010-12-19,2.49
389,2010-12-20,2.5
390,2010-12-21,2.52
391,2010-12-22,2.53
392,2010-12-23,2.5
393,2010-12-24,2.5
394,2010-12-25,2.5
395,2010-12-26,2.5
396,2010-12-27,2.5
397,2010-12-28,2.49
398,2010-12-29,2.49
399,2010-12-30,2.49
400,2010-12-31,2.51
401,2011-01-01,2.51
402,2011-01-02,2.51
403,2011-01-03,2.49
404,2011-01-04,2.5
405,2011-01-05,2.49
406,2011-01-06,2.49
407,2011-01-07,2.49
408,2011-01-08,2.49
409,2011-01-09,2.49
410,2011-01-10,2.49
411,2011-01-11,2.5
412,2011-01-12,2.5
413,2011-01-13,2.74
414,2011-01-14,2.74
415,2011-01-15,2.74
416,2011-01-16,2.74
417,2011-01-17,2.74
418,2011-01-18,2.76
419,2011-01-19,2.77
420,2011-01-20,2.75
421,2011-01-21,2.75
422,2011-01-22,2.75
423,2011-01-23,2.75
424,2011-01-24,2.75
425,2011-01-25,2.75
426,2011-01-26,2.74
427,2011-01-27,2.74
428,2011-01-28,2.74
429,2011-01-29,2.74
430,2011-01-30,2.74
431,2011-01-31,2.75
432,2011-02-01,2.75
433,2011-02-02,2.75
434,2011-02-03,2.75
435,2011-02-04,2.75
436,2011-02-05,2.75
437,2011-02-06,2.75
438,2011-02-07,2.75
439,2011-02-08,2.78
440,2011-02-09,2.77
441,2011-02-10,2.75
442,2011-02-11,2.75
443,2011-02-12,2.75
444,2011-02-13,2.75
445,2011-02-14,2.75
446,2011-02-15,2.74
447,2011-02-16,2.75
448,2011-02-17,2.75
449,2011-02-18,2.75
450,2011-02-19,2.75
451,2011-02-20,2.75
452,2011-02-21,2.75
453,2011-02-22,2.75
454,2011-02-23,2.75
455,2011-02-24,2.76
456,2011-02-25,2.76
457,2011-02-26,2.76
458,2011-02-27,2.76
459,2011-02-28,2.76
460,2011-03-01,2.76
461,2011-03-02,2.75
462,2011-03-03,2.75
463,2011-03-04,2.75
464,2011-03-05,2.75
465,2011-03-06,2.75
466,2011-03-07,2.76
467,2011-03-08,2.75
468,2011-03-09,2.75
469,2011-03-10,2.99
470,2011-03-11,2.97
471,2011-03-12,2.97
472,2011-03-13,2.97
473,2011-03-14,2.96
474,2011-03-15,2.99
475,2011-03-16,3.0
476,2011-03-17,2.99
477,2011-03-18,2.99
478,2011-03-19,2.99
479,2011-03-20,2.99
480,2011-03-21,2.99
481,2011-03-22,3.01
482,2011-03-23,3.02
483,2011-03-24,3.0
484,2011-03-25,2.99
485,2011-03-26,2.99
486,2011-03-27,2.99
487,2011-03-28,2.99
488,2011-03-29,2.98
489,2011-03-30,2.98
490,2011-03-31,2.98
491,2011-04-01,2.98
492,2011-04-02,2.98
493,2011-04-03,2.98
494,2011-04-04,2.99
495,2011-04-05,3.03
496,2011-04-06,3.04
497,2011-04-07,3.01
498,2011-04-08,3.01
499,2011-04-09,3.01
500,2011-04-10,3.01
501,2011-04-11,3.01
502,2011-04-12,3.0
503,2011-04-13,3.01
504,2011-04-14,3.01
505,2011-04-15,3.01
506,2011-04-16,3.01
507,2011-04-17,3.01
508,2011-04-18,3.0
509,2011-04-19,3.03
510,2011-04-20,3.04
511,2011-04-21,3.02
512,2011-04-22,3.02
513,2011-04-23,3.02
514,2011-04-24,3.02
515,2011-04-25,3.02
516,2011-04-26,3.02
517,2011-04-27,3.01
518,2011-04-28,3.01
519,2011-04-29,3.02
520,2011-04-30,3.02
521,2011-05-01,3.02
522,2011-05-02,3.01
523,2011-05-03,3.01
524,2011-05-04,3.01
525,2011-05-05,3.01
526,2011-05-06,3.01
527,2011-05-07,3.01
528,2011-05-08,3.01
529,2011-05-09,3.05
530,2011-05-10,3.05
531,2011-05-11,3.03
532,2011-05-12,3.02
533,2011-05-13,3.02
534,2011-05-14,3.02
535,2011-05-15,3.02
536,2011-05-16,3.03
537,2011-05-17,3.03
538,2011-05-18,3.03
539,2011-05-19,3.02
540,2011-05-20,3.02
541,2011-05-21,3.02
542,2011-05-22,3.02
543,2011-05-23,3.02
544,2011-05-24,3.06
545,2011-05-25,3.05
546,2011-05-26,3.02
547,2011-05-27,3.03
548,2011-05-28,3.03
549,2011-05-29,3.03
550,2011-05-30,3.03
551,2011-05-31,3.03
552,2011-06-01,3.02
553,2011-06-02,3.02
554,2011-06-03,3.0
555,2011-06-04,3.0
556,2011-06-05,3.0
557,2011-06-06,3.0
558,2011-06-07,3.04
559,2011-06-08,3.01
560,2011-06-09,3.02
561,2011-06-10,3.26
562,2011-06-11,3.26
563,2011-06-12,3.26
564,2011-06-13,3.26
565,2011-06-14,3.27
566,2011-06-15,3.26
567,2011-06-16,3.26
568,2011-06-17,3.26
569,2011-06-18,3.26
570,2011-06-19,3.26
571,2011-06-20,3.26
572,2011-06-21,3.29
573,2011-06-22,3.29
574,2011-06-23,3.26
575,2011-06-24,3.26
576,2011-06-25,3.26
577,2011-06-26,3.26
578,2011-06-27,3.26
579,2011-06-28,3.26
580,2011-06-29,3.26
581,2011-06-30,3.28
582,2011-07-01,3.26
583,2011-07-02,3.26
584,2011-07-03,3.26
585,2011-07-04,3.26
586,2011-07-05,3.3
587,2011-07-06,3.27
588,2011-07-07,3.26
589,2011-07-08,3.26
590,2011-07-09,3.26
591,2011-07-10,3.26
592,2011-07-11,3.26
593,2011-07-12,3.26
594,2011-07-13,3.26
595,2011-07-14,3.27
596,2011-07-15,3.26
597,2011-07-16,3.26
598,2011-07-17,3.26
599,2011-07-18,3.26
600,2011-07-19,3.26
601,2011-07-20,3.27
602,2011-07-21,3.26
603,2011-07-22,3.26
604,2011-07-23,3.26
605,2011-07-24,3.26
606,2011-07-25,3.26
607,2011-07-26,3.26
608,2011-07-27,3.26
609,2011-07-28,3.26
610,2011-07-29,3.27
611,2011-07-30,3.27
612,2011-07-31,3.27
613,2011-08-01,3.26
614,2011-08-02,3.26
615,2011-08-03,3.25
616,2011-08-04,3.25
617,2011-08-05,3.26
618,2011-08-06,3.26
619,2011-08-07,3.26
620,2011-08-08,3.25
621,2011-08-09,3.31
622,2011-08-10,3.29
623,2011-08-11,3.25
624,2011-08-12,3.24
625,2011-08-13,3.24
626,2011-08-14,3.24
627,2011-08-15,3.24
628,2011-08-16,3.22
629,2011-08-17,3.2
630,2011-08-18,3.22
631,2011-08-19,3.23
632,2011-08-20,3.23
633,2011-08-21,3.23
634,2011-08-22,3.2
635,2011-08-23,3.25
636,2011-08-24,3.26
637,2011-08-25,3.26
638,2011-08-26,3.26
639,2011-08-27,3.26
640,2011-08-28,3.26
641,2011-08-29,3.26
642,2011-08-30,3.26
643,2011-08-31,3.27
644,2011-09-01,3.26
645,2011-09-02,3.26
646,2011-09-03,3.26
647,2011-09-04,3.26
648,2011-09-05,3.26
649,2011-09-06,3.25
650,2011-09-07,3.23
651,2011-09-08,3.27
652,2011-09-09,3.25
653,2011-09-10,3.25
654,2011-09-11,3.25
655,2011-09-12,3.25
656,2011-09-13,3.25
657,2011-09-14,3.26
658,2011-09-15,3.26
659,2011-09-16,3.25
660,2011-09-17,3.25
661,2011-09-18,3.25
662,2011-09-19,3.24
663,2011-09-20,3.27
664,2011-09-21,3.28
665,2011-09-22,3.25
666,2011-09-23,3.23
667,2011-09-24,3.23
668,2011-09-25,3.23
669,2011-09-26,3.24
670,2011-09-27,3.24
671,2011-09-28,3.26
672,2011-09-29,3.26
673,2011-09-30,3.28
674,2011-10-01,3.28
675,2011-10-02,3.28
676,2011-10-03,3.28
677,2011-10-04,3.25
678,2011-10-05,3.23
679,2011-10-06,3.25
680,2011-10-07,3.25
681,2011-10-08,3.25
682,2011-10-09,3.25
683,2011-10-10,3.25
684,2011-10-11,3.24
685,2011-10-12,3.24
686,2011-10-13,3.24
687,2011-10-14,3.24
688,2011-10-15,3.24
689,2011-10-16,3.24
690,2011-10-17,3.22
691,2011-10-18,3.27
692,2011-10-19,3.26
693,2011-10-20,3.25
694,2011-10-21,3.23
695,2011-10-22,3.23
696,2011-10-23,3.23
697,2011-10-24,3.24
698,2011-10-25,3.24
699,2011-10-26,3.23
700,2011-10-27,3.23
701,2011-10-28,3.23
702,2011-10-29,3.23
703,2011-10-30,3.23
704,2011-10-31,3.26
705,2011-11-01,3.25
706,2011-11-02,3.25
707,2011-11-03,3.25
708,2011-11-04,3.25
709,2011-11-05,3.25
710,2011-11-06,3.25
711,2011-11-07,3.26
712,2011-11-08,3.27
713,2011-11-09,3.28
714,2011-11-10,3.26
715,2011-11-11,3.25
716,2011-11-12,3.25
717,2011-11-13,3.25
718,2011-11-14,3.25
719,2011-11-15,3.26
720,2011-11-16,3.26
721,2011-11-17,3.26
722,2011-11-18,3.26
723,2011-11-19,3.26
724,2011-11-20,3.26
725,2011-11-21,3.26
726,2011-11-22,3.27
727,2011-11-23,3.26
728,2011-11-24,3.26
729,2011-11-25,3.26
730,2011-11-26,3.26
731,2011-11-27,3.26
732,2011-11-28,3.26
733,2011-11-29,3.25
734,2011-11-30,3.27
735,2011-12-01,3.26
736,2011-12-02,3.25
737,2011-12-03,3.25
738,2011-12-04,3.25
739,2011-12-05,3.25
740,2011-12-06,3.27
741,2011-12-07,3.26
742,2011-12-08,3.26
743,2011-12-09,3.25
744,2011-12-10,3.25
745,2011-12-11,3.25
746,2011-12-12,3.26
747,2011-12-13,3.26
748,2011-12-14,3.25
749,2011-12-15,3.26
750,2011-12-16,3.25
751,2011-12-17,3.25
752,2011-12-18,3.25
753,2011-12-19,3.26
754,2011-12-20,3.28
755,2011-12-21,3.3
756,2011-12-22,3.26
757,2011-12-23,3.26
758,2011-12-24,3.26
759,2011-12-25,3.26
760,2011-12-26,3.26
761,2011-12-27,3.26
762,2011-12-28,3.28
763,2011-12-29,3.27
764,2011-12-30,3.29
765,2011-12-31,3.29
766,2012-01-01,3.29
767,2012-01-02,3.25
768,2012-01-03,3.25
769,2012-01-04,3.24
770,2012-01-05,3.25
771,2012-01-06,3.25
772,2012-01-07,3.25
773,2012-01-08,3.25
774,2012-01-09,3.25
775,2012-01-10,3.28
776,2012-01-11,3.28
777,2012-01-12,3.25
778,2012-01-13,3.25
779,2012-01-14,3.25
780,2012-01-15,3.25
781,2012-01-16,3.26
782,2012-01-17,3.26
783,2012-01-18,3.26
784,2012-01-19,3.27
785,2012-01-20,3.27
786,2012-01-21,3.27
787,2012-01-22,3.27
788,2012-01-23,3.27
789,2012-01-24,3.27
790,2012-01-25,3.23
791,2012-01-26,3.26
792,2012-01-27,3.26
793,2012-01-28,3.26
794,2012-01-29,3.26
795,2012-01-30,3.27
796,2012-01-31,3.27
797,2012-02-01,3.26
798,2012-02-02,3.25
799,2012-02-03,3.25
800,2012-02-04,3.25
801,2012-02-05,3.25
802,2012-02-06,3.24
803,2012-02-07,3.28
804,2012-02-08,3.27
805,2012-02-09,3.25
806,2012-02-10,3.25
807,2012-02-11,3.25
808,2012-02-12,3.25
809,2012-02-13,3.25
810,2012-02-14,3.25
811,2012-02-15,3.25
812,2012-02-16,3.25
813,2012-02-17,3.25
814,2012-02-18,3.25
815,2012-02-19,3.25
816,2012-02-20,3.26
817,2012-02-21,3.25
818,2012-02-22,3.25
819,2012-02-23,3.25
820,2012-02-24,3.25
821,2012-02-25,3.25
822,2012-02-26,3.25
823,2012-02-27,3.25
824,2012-02-28,3.25
825,2012-02-29,3.26
826,2012-03-01,3.26
827,2012-03-02,3.25
828,2012-03-03,3.25
829,2012-03-04,3.25
830,2012-03-05,3.24
831,2012-03-06,3.25
832,2012-03-07,3.22
833,2012-03-08,3.26
834,2012-03-09,3.25
835,2012-03-10,3.25
836,2012-03-11,3.25
837,2012-03-12,3.25
838,2012-03-13,3.25
839,2012-03-14,3.25
840,2012-03-15,3.25
841,2012-03-16,3.25
842,2012-03-17,3.25
843,2012-03-18,3.25
844,2012-03-19,3.25
845,2012-03-20,3.25
846,2012-03-21,3.25
847,2012-03-22,3.25
848,2012-03-23,3.25
849,2012-03-24,3.25
850,2012-03-25,3.25
851,2012-03-26,3.25
852,2012-03-27,3.25
853,2012-03-28,3.24
854,2012-03-29,3.23
855,2012-03-30,3.24
856,2012-03-31,3.24
857,2012-04-01,3.24
858,2012-04-02,3.24
859,2012-04-03,3.24
860,2012-04-04,3.22
861,2012-04-05,3.24
862,2012-04-06,3.27
863,2012-04-07,3.27
864,2012-04-08,3.27
865,2012-04-09,3.25
866,2012-04-10,3.23
867,2012-04-11,3.23
868,2012-04-12,3.24
869,2012-04-13,3.24
870,2012-04-14,3.24
871,2012-04-15,3.24
872,2012-04-16,3.24
873,2012-04-17,3.24
874,2012-04-18,3.24
875,2012-04-19,3.24
876,2012-04-20,3.25
877,2012-04-21,3.25
878,2012-04-22,3.25
879,2012-04-23,3.25
880,2012-04-24,3.26
881,2012-04-25,3.26
882,2012-04-26,3.26
883,2012-04-27,3.26
884,2012-04-28,3.26
885,2012-04-29,3.26
886,2012-04-30,3.26
887,2012-05-01,3.26
888,2012-05-02,3.25
889,2012-05-03,3.25
890,2012-05-04,3.24
891,2012-05-05,3.24
892,2012-05-06,3.24
893,2012-05-07,3.24
894,2012-05-08,3.29
895,2012-05-09,3.28
896,2012-05-10,3.26
897,2012-05-11,3.25
898,2012-05-12,3.25
899,2012-05-13,3.25
900,2012-05-14,3.26
901,2012-05-15,3.26
902,2012-05-16,3.26
903,2012-05-17,3.26
904,2012-05-18,3.26
905,2012-05-19,3.26
906,2012-05-20,3.26
907,2012-05-21,3.26
908,2012-05-22,3.26
909,2012-05-23,3.26
910,2012-05-24,3.26
911,2012-05-25,3.26
912,2012-05-26,3.26
913,2012-05-27,3.26
914,2012-05-28,3.26
915,2012-05-29,3.26
916,2012-05-30,3.26
917,2012-05-31,3.27
918,2012-06-01,3.25
919,2012-06-02,3.25
920,2012-06-03,3.25
921,2012-06-04,3.27
922,2012-06-05,3.27
923,2012-06-06,3.27
924,2012-06-07,3.26
925,2012-06-08,3.26
926,2012-06-09,3.26
927,2012-06-10,3.26
928,2012-06-11,3.26
929,2012-06-12,3.26
930,2012-06-13,3.26
931,2012-06-14,3.26
932,2012-06-15,3.26
933,2012-06-16,3.26
934,2012-06-17,3.26
935,2012-06-18,3.26
936,2012-06-19,3.25
937,2012-06-20,3.26
938,2012-06-21,3.26
939,2012-06-22,3.26
940,2012-06-23,3.26
941,2012-06-24,3.26
942,2012-06-25,3.25
943,2012-06-26,3.25
944,2012-06-27,3.24
945,2012-06-28,3.25
946,2012-06-29,3.26
947,2012-06-30,3.26
948,2012-07-01,3.26
949,2012-07-02,3.25
950,2012-07-03,3.25
951,2012-07-04,3.25
952,2012-07-05,3.25
953,2012-07-06,3.25
954,2012-07-07,3.25
955,2012-07-08,3.25
956,2012-07-09,3.25
957,2012-07-10,3.29
958,2012-07-11,3.25
959,2012-07-12,3.0
960,2012-07-13,3.0
961,2012-07-14,3.0
962,2012-07-15,3.0
963,2012-07-16,3.01
964,2012-07-17,3.01
965,2012-07-18,3.0
966,2012-07-19,3.01
967,2012-07-20,3.0
968,2012-07-21,3.0
969,2012-07-22,3.0
970,2012-07-23,3.0
971,2012-07-24,3.0
972,2012-07-25,3.01
973,2012-07-26,3.0
974,2012-07-27,3.0
975,2012-07-28,3.0
976,2012-07-29,3.0
977,2012-07-30,3.0
978,2012-07-31,3.02
979,2012-08-01,3.0
980,2012-08-02,2.99
981,2012-08-03,3.0
982,2012-08-04,3.0
983,2012-08-05,3.0
984,2012-08-06,2.99
985,2012-08-07,2.99
986,2012-08-08,2.99
987,2012-08-09,3.0
988,2012-08-10,2.99
989,2012-08-11,2.99
990,2012-08-12,2.99
991,2012-08-13,2.99
992,2012-08-14,3.0
993,2012-08-15,3.0
994,2012-08-16,3.0
995,2012-08-17,2.99
996,2012-08-18,2.99
997,2012-08-19,2.99
998,2012-08-20,2.99
999,2012-08-21,3.0
1000,2012-08-22,3.0
1001,2012-08-23,3.0
1002,2012-08-24,3.0
1003,2012-08-25,3.0
1004,2012-08-26,3.0
1005,2012-08-27,2.99
1006,2012-08-28,3.0
1007,2012-08-29,3.0
1008,2012-08-30,3.0
1009,2012-08-31,3.01
1010,2012-09-01,3.01
1011,2012-09-02,3.01
1012,2012-09-03,3.0
1013,2012-09-04,3.01
1014,2012-09-05,3.0
1015,2012-09-06,3.0
1016,2012-09-07,3.01
1017,2012-09-08,3.01
1018,2012-09-09,3.01
1019,2012-09-10,2.99
1020,2012-09-11,2.99
1021,2012-09-12,2.99
1022,2012-09-13,2.99
1023,2012-09-14,2.99
1024,2012-09-15,2.99
1025,2012-09-16,2.99
1026,2012-09-17,2.99
1027,2012-09-18,2.99
1028,2012-09-19,2.99
1029,2012-09-20,3.0
1030,2012-09-21,3.0
1031,2012-09-22,3.0
1032,2012-09-23,3.0
1033,2012-09-24,3.0
1034,2012-09-25,2.99
1035,2012-09-26,2.99
1036,2012-09-27,2.99
1037,2012-09-28,3.01
1038,2012-09-29,3.01
1039,2012-09-30,3.01
1040,2012-10-01,3.01
1041,2012-10-02,2.99
1042,2012-10-03,2.99
1043,2012-10-04,3.01
1044,2012-10-05,3.0
1045,2012-10-06,3.0
1046,2012-10-07,3.0
1047,2012-10-08,2.99
1048,2012-10-09,3.0
1049,2012-10-10,3.03
1050,2012-10-11,2.75
1051,2012-10-12,2.75
1052,2012-10-13,2.75
1053,2012-10-14,2.75
1054,2012-10-15,2.75
1055,2012-10-16,2.75
1056,2012-10-17,2.75
1057,2012-10-18,2.75
1058,2012-10-19,2.75
1059,2012-10-20,2.75
1060,2012-10-21,2.75
1061,2012-10-22,2.74
1062,2012-10-23,2.74
1063,2012-10-24,2.74
1064,2012-10-25,2.75
1065,2012-10-26,2.74
1066,2012-10-27,2.74
1067,2012-10-28,2.74
1068,2012-10-29,2.74
1069,2012-10-30,2.74
1070,2012-10-31,2.75
1071,2012-11-01,2.75
1072,2012-11-02,2.75
1073,2012-11-03,2.75
1074,2012-11-04,2.75
1075,2012-11-05,2.75
1076,2012-11-06,2.76
1077,2012-11-07,2.76
1078,2012-11-08,2.75
1079,2012-11-09,2.75
1080,2012-11-10,2.75
1081,2012-11-11,2.75
1082,2012-11-12,2.76
1083,2012-11-13,2.76
1084,2012-11-14,2.76
1085,2012-11-15,2.76
1086,2012-11-16,2.75
1087,2012-11-17,2.75
1088,2012-11-18,2.75
1089,2012-11-19,2.75
1090,2012-11-20,2.76
1091,2012-11-21,2.76
1092,2012-11-22,2.76
1093,2012-11-23,2.75
1094,2012-11-24,2.75
1095,2012-11-25,2.75
1096,2012-11-26,2.75
1097,2012-11-27,2.75
1098,2012-11-28,2.75
1099,2012-11-29,2.76
1100,2012-11-30,2.77
1101,2012-12-01,2.77
1102,2012-12-02,2.77
1103,2012-12-03,2.75
1104,2012-12-04,2.78
1105,2012-12-05,2.74
1106,2012-12-06,2.75
1107,2012-12-07,2.76
1108,2012-12-08,2.76
1109,2012-12-09,2.76
1110,2012-12-10,2.75
1111,2012-12-11,2.75
1112,2012-12-12,2.75
1113,2012-12-13,2.75
1114,2012-12-14,2.75
1115,2012-12-15,2.75
1116,2012-12-16,2.75
1117,2012-12-17,2.75
1118,2012-12-18,2.75
1119,2012-12-19,2.75
1120,2012-12-20,2.75
1121,2012-12-21,2.75
1122,2012-12-22,2.75
1123,2012-12-23,2.75
1124,2012-12-24,2.76
1125,2012-12-25,2.76
1126,2012-12-26,2.75
1127,2012-12-27,2.75
1128,2012-12-28,2.75
1129,2012-12-29,2.75
1130,2012-12-30,2.75
1131,2012-12-31,2.77
1132,2013-01-01,2.77
1133,2013-01-02,2.77
1134,2013-01-03,2.77
1135,2013-01-04,2.76
1136,2013-01-05,2.76
1137,2013-01-06,2.76
1138,2013-01-07,2.76
1139,2013-01-08,2.76
1140,2013-01-09,2.77
1141,2013-01-10,2.76
1142,2013-01-11,2.76
1143,2013-01-12,2.76
1144,2013-01-13,2.76
1145,2013-01-14,2.75
1146,2013-01-15,2.76
1147,2013-01-16,2.75
1148,2013-01-17,2.75
1149,2013-01-18,2.75
1150,2013-01-19,2.75
1151,2013-01-20,2.75
1152,2013-01-21,2.76
1153,2013-01-22,2.75
1154,2013-01-23,2.75
1155,2013-01-24,2.75
1156,2013-01-25,2.75
1157,2013-01-26,2.75
1158,2013-01-27,2.75
1159,2013-01-28,2.75
1160,2013-01-29,2.75
1161,2013-01-30,2.75
1162,2013-01-31,2.76
1163,2013-02-01,2.75
1164,2013-02-02,2.75
1165,2013-02-03,2.75
1166,2013-02-04,2.75
1167,2013-02-05,2.73
1168,2013-02-06,2.72
1169,2013-02-07,2.74
1170,2013-02-08,2.74
1171,2013-02-09,2.74
1172,2013-02-10,2.74
1173,2013-02-11,2.74
1174,2013-02-12,2.75
1175,2013-02-13,2.75
1176,2013-02-14,2.75
1177,2013-02-15,2.75
1178,2013-02-16,2.75
1179,2013-02-17,2.75
1180,2013-02-18,2.74
1181,2013-02-19,2.75
1182,2013-02-20,2.75
1183,2013-02-21,2.76
1184,2013-02-22,2.75
1185,2013-02-23,2.75
1186,2013-02-24,2.75
1187,2013-02-25,2.76
1188,2013-02-26,2.75
1189,2013-02-27,2.75
1190,2013-02-28,2.76
1191,2013-03-01,2.76
1192,2013-03-02,2.76
1193,2013-03-03,2.76
1194,2013-03-04,2.76
1195,2013-03-05,2.74
1196,2013-03-06,2.74
1197,2013-03-07,2.76
1198,2013-03-08,2.75
1199,2013-03-09,2.75
1200,2013-03-10,2.75
1201,2013-03-11,2.75
1202,2013-03-12,2.75
1203,2013-03-13,2.74
1204,2013-03-14,2.74
1205,2013-03-15,2.74
1206,2013-03-16,2.74
1207,2013-03-17,2.74
1208,2013-03-18,2.74
1209,2013-03-19,2.74
1210,2013-03-20,2.74
1211,2013-03-21,2.74
1212,2013-03-22,2.74
1213,2013-03-23,2.74
1214,2013-03-24,2.74
1215,2013-03-25,2.74
1216,2013-03-26,2.74
1217,2013-03-27,2.74
1218,2013-03-28,2.74
1219,2013-03-29,2.75
1220,2013-03-30,2.75
1221,2013-03-31,2.75
1222,2013-04-01,2.74
1223,2013-04-02,2.74
1224,2013-04-03,2.74
1225,2013-04-04,2.74
1226,2013-04-05,2.74
1227,2013-04-06,2.74
1228,2013-04-07,2.74
1229,2013-04-08,2.74
1230,2013-04-09,2.75
1231,2013-04-10,2.75
1232,2013-04-11,2.74
1233,2013-04-12,2.73
1234,2013-04-13,2.73
1235,2013-04-14,2.73
1236,2013-04-15,2.74
1237,2013-04-16,2.74
1238,2013-04-17,2.74
1239,2013-04-18,2.74
1240,2013-04-19,2.75
1241,2013-04-20,2.75
1242,2013-04-21,2.75
1243,2013-04-22,2.75
1244,2013-04-23,2.75
1245,2013-04-24,2.75
1246,2013-04-25,2.76
1247,2013-04-26,2.76
1248,2013-04-27,2.76
1249,2013-04-28,2.76
1250,2013-04-29,2.76
1251,2013-04-30,2.78
1252,2013-05-01,2.78
1253,2013-05-02,2.76
1254,2013-05-03,2.76
1255,2013-05-04,2.76
1256,2013-05-05,2.76
1257,2013-05-06,2.76
1258,2013-05-07,2.76
1259,2013-05-08,2.77
1260,2013-05-09,2.51
1261,2013-05-10,2.51
1262,2013-05-11,2.51
1263,2013-05-12,2.51
1264,2013-05-13,2.51
1265,2013-05-14,2.51
1266,2013-05-15,2.51
1267,2013-05-16,2.51
1268,2013-05-17,2.51
1269,2013-05-18,2.51
1270,2013-05-19,2.51
1271,2013-05-20,2.5
1272,2013-05-21,2.5
1273,2013-05-22,2.5
1274,2013-05-23,2.5
1275,2013-05-24,2.5
1276,2013-05-25,2.5
1277,2013-05-26,2.5
1278,2013-05-27,2.5
1279,2013-05-28,2.5
1280,2013-05-29,2.49
1281,2013-05-30,2.49
1282,2013-05-31,2.5
1283,2013-06-01,2.5
1284,2013-06-02,2.5
1285,2013-06-03,2.49
1286,2013-06-04,2.52
1287,2013-06-05,2.48
1288,2013-06-06,2.48
1289,2013-06-07,2.5
1290,2013-06-08,2.5
1291,2013-06-09,2.5
1292,2013-06-10,2.49
1293,2013-06-11,2.49
1294,2013-06-12,2.49
1295,2013-06-13,2.49
1296,2013-06-14,2.49
1297,2013-06-15,2.49
1298,2013-06-16,2.49
1299,2013-06-17,2.49
1300,2013-06-18,2.49
1301,2013-06-19,2.49
1302,2013-06-20,2.49
1303,2013-06-21,2.49
1304,2013-06-22,2.49
1305,2013-06-23,2.49
1306,2013-06-24,2.49
1307,2013-06-25,2.49
1308,2013-06-26,2.49
1309,2013-06-27,2.5
1310,2013-06-28,2.5
1311,2013-06-29,2.5
1312,2013-06-30,2.5
1313,2013-07-01,2.49
1314,2013-07-02,2.49
1315,2013-07-03,2.48
1316,2013-07-04,2.45
1317,2013-07-05,2.42
1318,2013-07-06,2.42
1319,2013-07-07,2.42
1320,2013-07-08,2.35
1321,2013-07-09,2.34
1322,2013-07-10,2.36
1323,2013-07-11,2.48
1324,2013-07-12,2.48
1325,2013-07-13,2.48
1326,2013-07-14,2.48
1327,2013-07-15,2.48
1328,2013-07-16,2.48
1329,2013-07-17,2.48
1330,2013-07-18,2.48
1331,2013-07-19,2.49
1332,2013-07-20,2.49
1333,2013-07-21,2.49
1334,2013-07-22,2.49
1335,2013-07-23,2.48
1336,2013-07-24,2.49
1337,2013-07-25,2.5
1338,2013-07-26,2.5
1339,2013-07-27,2.5
1340,2013-07-28,2.5
1341,2013-07-29,2.51
1342,2013-07-30,2.51
1343,2013-07-31,2.53
1344,2013-08-01,2.52
1345,2013-08-02,2.49
1346,2013-08-03,2.49
1347,2013-08-04,2.49
1348,2013-08-05,2.49
1349,2013-08-06,2.5
1350,2013-08-07,2.48
1351,2013-08-08,2.49
1352,2013-08-09,2.49
1353,2013-08-10,2.49
1354,2013-08-11,2.49
1355,2013-08-12,2.5
1356,2013-08-13,2.5
1357,2013-08-14,2.5
1358,2013-08-15,2.5
1359,2013-08-16,2.5
1360,2013-08-17,2.5
1361,2013-08-18,2.5
1362,2013-08-19,2.5
1363,2013-08-20,2.5
1364,2013-08-21,2.5
1365,2013-08-22,2.5
1366,2013-08-23,2.5
1367,2013-08-24,2.5
1368,2013-08-25,2.5
1369,2013-08-26,2.5
1370,2013-08-27,2.5
1371,2013-08-28,2.5
1372,2013-08-29,2.5
1373,2013-08-30,2.51
1374,2013-08-31,2.51
1375,2013-09-01,2.51
1376,2013-09-02,2.51
1377,2013-09-03,2.51
1378,2013-09-04,2.5
1379,2013-09-05,2.5
1380,2013-09-06,2.5
1381,2013-09-07,2.5
1382,2013-09-08,2.5
1383,2013-09-09,2.5
1384,2013-09-10,2.51
1385,2013-09-11,2.49
1386,2013-09-12,2.5
1387,2013-09-13,2.5
1388,2013-09-14,2.5
1389,2013-09-15,2.5
1390,2013-09-16,2.5
1391,2013-09-17,2.5
1392,2013-09-18,2.5
1393,2013-09-19,2.5
1394,2013-09-20,2.5
1395,2013-09-21,2.5
1396,2013-09-22,2.5
1397,2013-09-23,2.5
1398,2013-09-24,2.5
1399,2013-09-25,2.5
1400,2013-09-26,2.5
1401,2013-09-27,2.5
1402,2013-09-28,2.5
1403,2013-09-29,2.5
1404,2013-09-30,2.5
1405,2013-10-01,2.5
1406,2013-10-02,2.49
1407,2013-10-03,2.49
1408,2013-10-04,2.48
1409,2013-10-05,2.48
1410,2013-10-06,2.48
1411,2013-10-07,2.5
1412,2013-10-08,2.49
1413,2013-10-09,2.49
1414,2013-10-10,2.49
1415,2013-10-11,2.49
1416,2013-10-12,2.49
1417,2013-10-13,2.49
1418,2013-10-14,2.49
1419,2013-10-15,2.49
1420,2013-10-16,2.49
1421,2013-10-17,2.49
1422,2013-10-18,2.5
1423,2013-10-19,2.5
1424,2013-10-20,2.5
1425,2013-10-21,2.49
1426,2013-10-22,2.5
1427,2013-10-23,2.5
1428,2013-10-24,2.5
1429,2013-10-25,2.52
1430,2013-10-26,2.52
1431,2013-10-27,2.52
1432,2013-10-28,2.52
1433,2013-10-29,2.52
1434,2013-10-30,2.51
1435,2013-10-31,2.52
1436,2013-11-01,2.48
1437,2013-11-02,2.48
1438,2013-11-03,2.48
1439,2013-11-04,2.48
1440,2013-11-05,2.51
1441,2013-11-06,2.49
1442,2013-11-07,2.5
1443,2013-11-08,2.5
1444,2013-11-09,2.5
1445,2013-11-10,2.5
1446,2013-11-11,2.5
1447,2013-11-12,2.5
1448,2013-11-13,2.5
1449,2013-11-14,2.5
1450,2013-11-15,2.5
1451,2013-11-16,2.5
1452,2013-11-17,2.5
1453,2013-11-18,2.5
1454,2013-11-19,2.5
1455,2013-11-20,2.5
1456,2013-11-21,2.5
1457,2013-11-22,2.5
1458,2013-11-23,2.5
1459,2013-11-24,2.5
1460,2013-11-25,2.5
1461,2013-11-26,2.49
1462,2013-11-27,2.49
1463,2013-11-28,2.49
1464,2013-11-29,2.5
1465,2013-11-30,2.5
1466,2013-12-01,2.5
1467,2013-12-02,2.49
1468,2013-12-03,2.49
1469,2013-12-04,2.48
1470,2013-12-05,2.49
1471,2013-12-06,2.49
1472,2013-12-07,2.49
1473,2013-12-08,2.49
1474,2013-12-09,2.5
1475,2013-12-10,2.5
1476,2013-12-11,2.49
1477,2013-12-12,2.49
1478,2013-12-13,2.49
1479,2013-12-14,2.49
1480,2013-12-15,2.49
1481,2013-12-16,2.49
1482,2013-12-17,2.49
1483,2013-12-18,2.49
1484,2013-12-19,2.5
1485,2013-12-20,2.51
1486,2013-12-21,2.51
1487,2013-12-22,2.51
1488,2013-12-23,2.52
1489,2013-12-24,2.52
1490,2013-12-25,2.52
1491,2013-12-26,2.51
1492,2013-12-27,2.5
1493,2013-12-28,2.5
1494,2013-12-29,2.5
1495,2013-12-30,2.51
1496,2013-12-31,2.52
1497,2014-01-01,2.52
1498,2014-01-02,2.5
1499,2014-01-03,2.5
1500,2014-01-04,2.5
1501,2014-01-05,2.5
1502,2014-01-06,2.48
1503,2014-01-07,2.5
1504,2014-01-08,2.49
1505,2014-01-09,2.49
1506,2014-01-10,2.5
1507,2014-01-11,2.5
1508,2014-01-12,2.5
1509,2014-01-13,2.49
1510,2014-01-14,2.49
1511,2014-01-15,2.49
1512,2014-01-16,2.49
1513,2014-01-17,2.49
1514,2014-01-18,2.49
1515,2014-01-19,2.49
1516,2014-01-20,2.49
1517,2014-01-21,2.49
1518,2014-01-22,2.5
1519,2014-01-23,2.5
1520,2014-01-24,2.5
1521,2014-01-25,2.5
1522,2014-01-26,2.5
1523,2014-01-27,2.52
1524,2014-01-28,2.52
1525,2014-01-29,2.51
1526,2014-01-30,2.51
1527,2014-01-31,2.51
1528,2014-02-01,2.51
1529,2014-02-02,2.51
1530,2014-02-03,2.47
1531,2014-02-04,2.48
1532,2014-02-05,2.48
1533,2014-02-06,2.49
1534,2014-02-07,2.49
1535,2014-02-08,2.49
1536,2014-02-09,2.49
1537,2014-02-10,2.49
1538,2014-02-11,2.49
1539,2014-02-12,2.49
1540,2014-02-13,2.49
1541,2014-02-14,2.49
1542,2014-02-15,2.49
1543,2014-02-16,2.49
1544,2014-02-17,2.49
1545,2014-02-18,2.49
1546,2014-02-19,2.49
1547,2014-02-20,2.49
1548,2014-02-21,2.49
1549,2014-02-22,2.49
1550,2014-02-23,2.49
1551,2014-02-24,2.49
1552,2014-02-25,2.49
1553,2014-02-26,2.47
1554,2014-02-27,2.48
1555,2014-02-28,2.49
1556,2014-03-01,2.49
1557,2014-03-02,2.49
1558,2014-03-03,2.49
1559,2014-03-04,2.5
1560,2014-03-05,2.49
1561,2014-03-06,2.49
1562,2014-03-07,2.49
1563,2014-03-08,2.49
1564,2014-03-09,2.49
1565,2014-03-10,2.48
1566,2014-03-11,2.48
1567,2014-03-12,2.48
1568,2014-03-13,2.48
1569,2014-03-14,2.47
1570,2014-03-15,2.47
1571,2014-03-16,2.47
1572,2014-03-17,2.48
1573,2014-03-18,2.47
1574,2014-03-19,2.46
1575,2014-03-20,2.46
1576,2014-03-21,2.45
1577,2014-03-22,2.45
1578,2014-03-23,2.45
1579,2014-03-24,2.46
1580,2014-03-25,2.48
1581,2014-03-26,2.48
1582,2014-03-27,2.48
1583,2014-03-28,2.48
1584,2014-03-29,2.48
1585,2014-03-30,2.48
1586,2014-03-31,2.49
1587,2014-04-01,2.48
1588,2014-04-02,2.48
1589,2014-04-03,2.48
1590,2014-04-04,2.48
1591,2014-04-05,2.48
1592,2014-04-06,2.48
1593,2014-04-07,2.49
1594,2014-04-08,2.51
1595,2014-04-09,2.5
1596,2014-04-10,2.48
1597,2014-04-11,2.48
1598,2014-04-12,2.48
1599,2014-04-13,2.48
1600,2014-04-14,2.48
1601,2014-04-15,2.48
1602,2014-04-16,2.48
1603,2014-04-17,2.48
1604,2014-04-18,2.48
1605,2014-04-19,2.48
1606,2014-04-20,2.48
1607,2014-04-21,2.49
1608,2014-04-22,2.5
1609,2014-04-23,2.49
1610,2014-04-24,2.49
1611,2014-04-25,2.5
1612,2014-04-26,2.5
1613,2014-04-27,2.5
1614,2014-04-28,2.49
1615,2014-04-29,2.49
1616,2014-04-30,2.5
1617,2014-05-01,2.5
1618,2014-05-02,2.5
1619,2014-05-03,2.5
1620,2014-05-04,2.5
1621,2014-05-05,2.5
1622,2014-05-06,2.5
1623,2014-05-07,2.48
1624,2014-05-08,2.49
1625,2014-05-09,2.48
1626,2014-05-10,2.48
1627,2014-05-11,2.48
1628,2014-05-12,2.49
1629,2014-05-13,2.49
1630,2014-05-14,2.5
1631,2014-05-15,2.49
1632,2014-05-16,2.49
1633,2014-05-17,2.49
1634,2014-05-18,2.49
1635,2014-05-19,2.49
1636,2014-05-20,2.49
1637,2014-05-21,2.49
1638,2014-05-22,2.49
1639,2014-05-23,2.49
1640,2014-05-24,2.49
1641,2014-05-25,2.49
1642,2014-05-26,2.49
1643,2014-05-27,2.48
1644,2014-05-28,2.48
1645,2014-05-29,2.49
1646,2014-05-30,2.49
1647,2014-05-31,2.49
1648,2014-06-01,2.49
1649,2014-06-02,2.48
1650,2014-06-03,2.48
1651,2014-06-04,2.48
1652,2014-06-05,2.48
1653,2014-06-06,2.48
1654,2014-06-07,2.48
1655,2014-06-08,2.48
1656,2014-06-09,2.48
1657,2014-06-10,2.49
1658,2014-06-11,2.49
1659,2014-06-12,2.48
1660,2014-06-13,2.48
1661,2014-06-14,2.48
1662,2014-06-15,2.48
1663,2014-06-16,2.48
1664,2014-06-17,2.47
1665,2014-06-18,2.48
1666,2014-06-19,2.48
1667,2014-06-20,2.48
1668,2014-06-21,2.48
1669,2014-06-22,2.48
1670,2014-06-23,2.48
1671,2014-06-24,2.48
1672,2014-06-25,2.49
1673,2014-06-26,2.49
1674,2014-06-27,2.48
1675,2014-06-28,2.48
1676,2014-06-29,2.48
1677,2014-06-30,2.49
1678,2014-07-01,2.48
1679,2014-07-02,2.48
1680,2014-07-03,2.48
1681,2014-07-04,2.48
1682,2014-07-05,2.48
1683,2014-07-06,2.48
1684,2014-07-07,2.48
1685,2014-07-08,2.48
1686,2014-07-09,2.5
1687,2014-07-10,2.48
1688,2014-07-11,2.48
1689,2014-07-12,2.48
1690,2014-07-13,2.48
1691,2014-07-14,2.48
1692,2014-07-15,2.48
1693,2014-07-16,2.48
1694,2014-07-17,2.49
1695,2014-07-18,2.48
1696,2014-07-19,2.48
1697,2014-07-20,2.48
1698,2014-07-21,2.48
1699,2014-07-22,2.48
1700,2014-07-23,2.49
1701,2014-07-24,2.49
1702,2014-07-25,2.49
1703,2014-07-26,2.49
1704,2014-07-27,2.49
1705,2014-07-28,2.5
1706,2014-07-29,2.5
1707,2014-07-30,2.5
1708,2014-07-31,2.49
1709,2014-08-01,2.48
1710,2014-08-02,2.48
1711,2014-08-03,2.48
1712,2014-08-04,2.48
1713,2014-08-05,2.48
1714,2014-08-06,2.49
1715,2014-08-07,2.49
1716,2014-08-08,2.49
1717,2014-08-09,2.49
1718,2014-08-10,2.49
1719,2014-08-11,2.48
1720,2014-08-12,2.49
1721,2014-08-13,2.49
1722,2014-08-14,2.24
1723,2014-08-15,2.24
1724,2014-08-16,2.24
1725,2014-08-17,2.24
1726,2014-08-18,2.24
1727,2014-08-19,2.24
1728,2014-08-20,2.23
1729,2014-08-21,2.23
1730,2014-08-22,2.23
1731,2014-08-23,2.23
1732,2014-08-24,2.23
1733,2014-08-25,2.24
1734,2014-08-26,2.23
1735,2014-08-27,2.23
1736,2014-08-28,2.23
1737,2014-08-29,2.24
1738,2014-08-30,2.24
1739,2014-08-31,2.24
1740,2014-09-01,2.23
1741,2014-09-02,2.23
1742,2014-09-03,2.24
1743,2014-09-04,2.25
1744,2014-09-05,2.25
1745,2014-09-06,2.25
1746,2014-09-07,2.25
1747,2014-09-08,2.25
1748,2014-09-09,2.25
1749,2014-09-10,2.25
1750,2014-09-11,2.23
1751,2014-09-12,2.23
1752,2014-09-13,2.23
1753,2014-09-14,2.23
1754,2014-09-15,2.23
1755,2014-09-16,2.23
1756,2014-09-17,2.23
1757,2014-09-18,2.23
1758,2014-09-19,2.23
1759,2014-09-20,2.23
1760,2014-09-21,2.23
1761,2014-09-22,2.23
1762,2014-09-23,2.23
1763,2014-09-24,2.24
1764,2014-09-25,2.24
1765,2014-09-26,2.23
1766,2014-09-27,2.23
1767,2014-09-28,2.23
1768,2014-09-29,2.24
1769,2014-09-30,2.24
1770,2014-10-01,2.24
1771,2014-10-02,2.23
1772,2014-10-03,2.23
1773,2014-10-04,2.23
1774,2014-10-05,2.23
1775,2014-10-06,2.23
1776,2014-10-07,2.23
1777,2014-10-08,2.23
1778,2014-10-09,2.23
1779,2014-10-10,2.23
1780,2014-10-11,2.23
1781,2014-10-12,2.23
1782,2014-10-13,2.23
1783,2014-10-14,2.23
1784,2014-10-15,1.99
1785,2014-10-16,1.98
1786,2014-10-17,1.98
1787,2014-10-18,1.98
1788,2014-10-19,1.98
1789,2014-10-20,1.98
1790,2014-10-21,1.98
1791,2014-10-22,1.98
1792,2014-10-23,1.99
1793,2014-10-24,1.98
1794,2014-10-25,1.98
1795,2014-10-26,1.98
1796,2014-10-27,1.98
1797,2014-10-28,1.98
1798,2014-10-29,1.98
1799,2014-10-30,1.98
1800,2014-10-31,1.97
1801,2014-11-01,1.97
1802,2014-11-02,1.97
1803,2014-11-03,1.98
1804,2014-11-04,1.96
1805,2014-11-05,1.97
1806,2014-11-06,1.98
1807,2014-11-07,1.98
1808,2014-11-08,1.98
1809,2014-11-09,1.98
1810,2014-11-10,1.98
1811,2014-11-11,1.98
1812,2014-11-12,1.98
1813,2014-11-13,1.98
1814,2014-11-14,1.98
1815,2014-11-15,1.98
1816,2014-11-16,1.98
1817,2014-11-17,1.98
1818,2014-11-18,1.98
1819,2014-11-19,1.98
1820,2014-11-20,1.98
1821,2014-11-21,1.98
1822,2014-11-22,1.98
1823,2014-11-23,1.98
1824,2014-11-24,1.98
1825,2014-11-25,1.99
1826,2014-11-26,1.98
1827,2014-11-27,1.99
1828,2014-11-28,1.99
1829,2014-11-29,1.99
1830,2014-11-30,1.99
1831,2014-12-01,1.99
1832,2014-12-02,1.98
1833,2014-12-03,1.98
1834,2014-12-04,1.98
1835,2014-12-05,1.98
1836,2014-12-06,1.98
1837,2014-12-07,1.98
1838,2014-12-08,1.99
1839,2014-12-09,2.01
1840,2014-12-10,1.99
1841,2014-12-11,1.98
1842,2014-12-12,1.98
1843,2014-12-13,1.98
1844,2014-12-14,1.98
1845,2014-12-15,2.0
1846,2014-12-16,1.99
1847,2014-12-17,1.98
1848,2014-12-18,1.98
1849,2014-12-19,1.98
1850,2014-12-20,1.98
1851,2014-12-21,1.98
1852,2014-12-22,1.99
1853,2014-12-23,1.99
1854,2014-12-24,1.99
1855,2014-12-25,1.99
1856,2014-12-26,1.99
1857,2014-12-27,1.99
1858,2014-12-28,1.99
1859,2014-12-29,1.99
1860,2014-12-30,2.01
1861,2014-12-31,2.03
1862,2015-01-01,2.03
1863,2015-01-02,2.01
1864,2015-01-03,2.01
1865,2015-01-04,2.01
1866,2015-01-05,2.0
1867,2015-01-06,1.98
1868,2015-01-07,1.99
1869,2015-01-08,1.99
1870,2015-01-09,1.98
1871,2015-01-10,1.98
1872,2015-01-11,1.98
1873,2015-01-12,1.99
1874,2015-01-13,1.99
1875,2015-01-14,1.99
1876,2015-01-15,1.99
1877,2015-01-16,1.98
1878,2015-01-17,1.98
1879,2015-01-18,1.98
1880,2015-01-19,1.98
1881,2015-01-20,1.98
1882,2015-01-21,1.98
1883,2015-01-22,1.99
1884,2015-01-23,1.99
1885,2015-01-24,1.99
1886,2015-01-25,1.99
1887,2015-01-26,1.99
1888,2015-01-27,1.99
1889,2015-01-28,1.99
1890,2015-01-29,1.99
1891,2015-01-30,2.0
1892,2015-01-31,2.0
1893,2015-02-01,2.0
1894,2015-02-02,1.99
1895,2015-02-03,1.99
1896,2015-02-04,1.99
1897,2015-02-05,1.98
1898,2015-02-06,1.99
1899,2015-02-07,1.99
1900,2015-02-08,1.99
1901,2015-02-09,1.98
1902,2015-02-10,2.0
1903,2015-02-11,1.99
1904,2015-02-12,1.98
1905,2015-02-13,1.98
1906,2015-02-14,1.98
1907,2015-02-15,1.98
1908,2015-02-16,1.99
1909,2015-02-17,1.98
1910,2015-02-18,1.98
1911,2015-02-19,1.98
1912,2015-02-20,1.98
1913,2015-02-21,1.98
1914,2015-02-22,1.98
1915,2015-02-23,1.98
1916,2015-02-24,1.98
1917,2015-02-25,1.98
1918,2015-02-26,1.98
1919,2015-02-27,1.99
1920,2015-02-28,1.99
1921,2015-03-01,1.99
1922,2015-03-02,1.98
1923,2015-03-03,1.98
1924,2015-03-04,1.98
1925,2015-03-05,1.98
1926,2015-03-06,1.98
1927,2015-03-07,1.98
1928,2015-03-08,1.98
1929,2015-03-09,1.98
1930,2015-03-10,1.99
1931,2015-03-11,1.98
1932,2015-03-12,1.74
1933,2015-03-13,1.73
1934,2015-03-14,1.73
1935,2015-03-15,1.73
1936,2015-03-16,1.73
1937,2015-03-17,1.74
1938,2015-03-18,1.74
1939,2015-03-19,1.74
1940,2015-03-20,1.74
1941,2015-03-21,1.74
1942,2015-03-22,1.74
1943,2015-03-23,1.73
1944,2015-03-24,1.74
1945,2015-03-25,1.74
1946,2015-03-26,1.74
1947,2015-03-27,1.74
1948,2015-03-28,1.74
1949,2015-03-29,1.74
1950,2015-03-30,1.74
1951,2015-03-31,1.74
1952,2015-04-01,1.74
1953,2015-04-02,1.73
1954,2015-04-03,1.72
1955,2015-04-04,1.72
1956,2015-04-05,1.72
1957,2015-04-06,1.72
1958,2015-04-07,1.72
1959,2015-04-08,1.73
1960,2015-04-09,1.73
1961,2015-04-10,1.74
1962,2015-04-11,1.74
1963,2015-04-12,1.74
1964,2015-04-13,1.73
1965,2015-04-14,1.73
1966,2015-04-15,1.73
1967,2015-04-16,1.73
1968,2015-04-17,1.73
1969,2015-04-18,1.73
1970,2015-04-19,1.73
1971,2015-04-20,1.73
1972,2015-04-21,1.73
1973,2015-04-22,1.73
1974,2015-04-23,1.73
1975,2015-04-24,1.74
1976,2015-04-25,1.74
1977,2015-04-26,1.74
1978,2015-04-27,1.74
1979,2015-04-28,1.74
1980,2015-04-29,1.74
1981,2015-04-30,1.74
1982,2015-05-01,1.74
1983,2015-05-02,1.74
1984,2015-05-03,1.74
1985,2015-05-04,1.74
1986,2015-05-05,1.74
1987,2015-05-06,1.73
1988,2015-05-07,1.73
1989,2015-05-08,1.73
1990,2015-05-09,1.73
1991,2015-05-10,1.73
1992,2015-05-11,1.73
1993,2015-05-12,1.73
1994,2015-05-13,1.74
1995,2015-05-14,1.73
1996,2015-05-15,1.74
1997,2015-05-16,1.74
1998,2015-05-17,1.74
1999,2015-05-18,1.74
2000,2015-05-19,1.74
2001,2015-05-20,1.74
2002,2015-05-21,1.74
2003,2015-05-22,1.74
2004,2015-05-23,1.74
2005,2015-05-24,1.74
2006,2015-05-25,1.74
2007,2015-05-26,1.74
2008,2015-05-27,1.74
2009,2015-05-28,1.74
2010,2015-05-29,1.74
2011,2015-05-30,1.74
2012,2015-05-31,1.74
2013,2015-06-01,1.74
2014,2015-06-02,1.73
2015,2015-06-03,1.73
2016,2015-06-04,1.73
2017,2015-06-05,1.73
2018,2015-06-06,1.73
2019,2015-06-07,1.73
2020,2015-06-08,1.72
2021,2015-06-09,1.73
2022,2015-06-10,1.74
2023,2015-06-11,1.49
2024,2015-06-12,1.48
2025,2015-06-13,1.48
2026,2015-06-14,1.48
2027,2015-06-15,1.49
2028,2015-06-16,1.48
2029,2015-06-17,1.49
2030,2015-06-18,1.49
2031,2015-06-19,1.49
2032,2015-06-20,1.49
2033,2015-06-21,1.49
2034,2015-06-22,1.49
2035,2015-06-23,1.49
2036,2015-06-24,1.5
2037,2015-06-25,1.5
2038,2015-06-26,1.5
2039,2015-06-27,1.5
2040,2015-06-28,1.5
2041,2015-06-29,1.49
2042,2015-06-30,1.5
2043,2015-07-01,1.49
2044,2015-07-02,1.48
2045,2015-07-03,1.48
2046,2015-07-04,1.48
2047,2015-07-05,1.48
2048,2015-07-06,1.48
2049,2015-07-07,1.5
2050,2015-07-08,1.48
2051,2015-07-09,1.48
2052,2015-07-10,1.48
2053,2015-07-11,1.48
2054,2015-07-12,1.48
2055,2015-07-13,1.48
2056,2015-07-14,1.49
2057,2015-07-15,1.48
2058,2015-07-16,1.48
2059,2015-07-17,1.48
2060,2015-07-18,1.48
2061,2015-07-19,1.48
2062,2015-07-20,1.47
2063,2015-07-21,1.47
2064,2015-07-22,1.47
2065,2015-07-23,1.48
2066,2015-07-24,1.49
2067,2015-07-25,1.49
2068,2015-07-26,1.49
2069,2015-07-27,1.49
2070,2015-07-28,1.49
2071,2015-07-29,1.49
2072,2015-07-30,1.49
2073,2015-07-31,1.5
2074,2015-08-01,1.5
2075,2015-08-02,1.5
2076,2015-08-03,1.48
2077,2015-08-04,1.49
2078,2015-08-05,1.48
2079,2015-08-06,1.49
2080,2015-08-07,1.49
2081,2015-08-08,1.49
2082,2015-08-09,1.49
2083,2015-08-10,1.49
2084,2015-08-11,1.49
2085,2015-08-12,1.49
2086,2015-08-13,1.49
2087,2015-08-14,1.49
2088,2015-08-15,1.49
2089,2015-08-16,1.49
2090,2015-08-17,1.49
2091,2015-08-18,1.49
2092,2015-08-19,1.49
2093,2015-08-20,1.49
2094,2015-08-21,1.49
2095,2015-08-22,1.49
2096,2015-08-23,1.49
2097,2015-08-24,1.5
2098,2015-08-25,1.5
2099,2015-08-26,1.5
2100,2015-08-27,1.5
2101,2015-08-28,1.51
2102,2015-08-29,1.51
2103,2015-08-30,1.51
2104,2015-08-31,1.52
2105,2015-09-01,1.49
2106,2015-09-02,1.48
2107,2015-09-03,1.47
2108,2015-09-04,1.45
2109,2015-09-05,1.45
2110,2015-09-06,1.45
2111,2015-09-07,1.47
2112,2015-09-08,1.49
2113,2015-09-09,1.48
2114,2015-09-10,1.49
2115,2015-09-11,1.49
2116,2015-09-12,1.49
2117,2015-09-13,1.49
2118,2015-09-14,1.49
2119,2015-09-15,1.49
2120,2015-09-16,1.48
2121,2015-09-17,1.48
2122,2015-09-18,1.48
2123,2015-09-19,1.48
2124,2015-09-20,1.48
2125,2015-09-21,1.48
2126,2015-09-22,1.48
2127,2015-09-23,1.48
2128,2015-09-24,1.49
2129,2015-09-25,1.47
2130,2015-09-26,1.47
2131,2015-09-27,1.47
2132,2015-09-28,1.47
2133,2015-09-29,1.47
2134,2015-09-30,1.49
2135,2015-10-01,1.47
2136,2015-10-02,1.46
2137,2015-10-03,1.46
2138,2015-10-04,1.46
2139,2015-10-05,1.47
2140,2015-10-06,1.5
2141,2015-10-07,1.49
2142,2015-10-08,1.48
2143,2015-10-09,1.48
2144,2015-10-10,1.48
2145,2015-10-11,1.48
2146,2015-10-12,1.48
2147,2015-10-13,1.48
2148,2015-10-14,1.48
2149,2015-10-15,1.48
2150,2015-10-16,1.49
2151,2015-10-17,1.49
2152,2015-10-18,1.49
2153,2015-10-19,1.49
2154,2015-10-20,1.49
2155,2015-10-21,1.49
2156,2015-10-22,1.49
2157,2015-10-23,1.49
2158,2015-10-24,1.49
2159,2015-10-25,1.49
2160,2015-10-26,1.48
2161,2015-10-27,1.48
2162,2015-10-28,1.48
2163,2015-10-29,1.48
2164,2015-10-30,1.5
2165,2015-10-31,1.5
2166,2015-11-01,1.5
2167,2015-11-02,1.5
2168,2015-11-03,1.5
2169,2015-11-04,1.5
2170,2015-11-05,1.49
2171,2015-11-06,1.49
2172,2015-11-07,1.49
2173,2015-11-08,1.49
2174,2015-11-09,1.5
2175,2015-11-10,1.49
2176,2015-11-11,1.49
2177,2015-11-12,1.5
2178,2015-11-13,1.49
2179,2015-11-14,1.49
2180,2015-11-15,1.49
2181,2015-11-16,1.49
2182,2015-11-17,1.49
2183,2015-11-18,1.49
2184,2015-11-19,1.49
2185,2015-11-20,1.49
2186,2015-11-21,1.49
2187,2015-11-22,1.49
2188,2015-11-23,1.49
2189,2015-11-24,1.49
2190,2015-11-25,1.5
2191,2015-11-26,1.49
2192,2015-11-27,1.49
2193,2015-11-28,1.49
2194,2015-11-29,1.49
2195,2015-11-30,1.5
2196,2015-12-01,1.48
2197,2015-12-02,1.44
2198,2015-12-03,1.45
2199,2015-12-04,1.4
2200,2015-12-05,1.4
2201,2015-12-06,1.4
2202,2015-12-07,1.44
2203,2015-12-08,1.46
2204,2015-12-09,1.46
2205,2015-12-10,1.48
2206,2015-12-11,1.48
2207,2015-12-12,1.48
2208,2015-12-13,1.48
2209,2015-12-14,1.48
2210,2015-12-15,1.46
2211,2015-12-16,1.46
2212,2015-12-17,1.46
2213,2015-12-18,1.48
2214,2015-12-19,1.48
2215,2015-12-20,1.48
2216,2015-12-21,1.48
2217,2015-12-22,1.48
2218,2015-12-23,1.49
2219,2015-12-24,1.49
2220,2015-12-25,1.49
2221,2015-12-26,1.49
2222,2015-12-27,1.49
2223,2015-12-28,1.49
2224,2015-12-29,1.49
2225,2015-12-30,1.49
2226,2015-12-31,1.52
2227,2016-01-01,1.52
2228,2016-01-02,1.52
2229,2016-01-03,1.52
2230,2016-01-04,1.48
2231,2016-01-05,1.49
2232,2016-01-06,1.49
2233,2016-01-07,1.49
2234,2016-01-08,1.49
2235,2016-01-09,1.49
2236,2016-01-10,1.49
2237,2016-01-11,1.49
2238,2016-01-12,1.5
2239,2016-01-13,1.5
2240,2016-01-14,1.49
2241,2016-01-15,1.5
2242,2016-01-16,1.5
2243,2016-01-17,1.5
2244,2016-01-18,1.5
2245,2016-01-19,1.48
2246,2016-01-20,1.49
2247,2016-01-21,1.49
2248,2016-01-22,1.48
2249,2016-01-23,1.48
2250,2016-01-24,1.48
2251,2016-01-25,1.48
2252,2016-01-26,1.48
2253,2016-01-27,1.48
2254,2016-01-28,1.48
2255,2016-01-29,1.5
2256,2016-01-30,1.5
2257,2016-01-31,1.5
2258,2016-02-01,1.49
2259,2016-02-02,1.49
2260,2016-02-03,1.49
2261,2016-02-04,1.51
2262,2016-02-05,1.47
2263,2016-02-06,1.47
2264,2016-02-07,1.47
2265,2016-02-08,1.47
2266,2016-02-09,1.47
2267,2016-02-10,1.47
2268,2016-02-11,1.49
2269,2016-02-12,1.48
2270,2016-02-13,1.48
2271,2016-02-14,1.48
2272,2016-02-15,1.48
2273,2016-02-16,1.47
2274,2016-02-17,1.48
2275,2016-02-18,1.48
2276,2016-02-19,1.47
2277,2016-02-20,1.47
2278,2016-02-21,1.47
2279,2016-02-22,1.48
2280,2016-02-23,1.49
2281,2016-02-24,1.49
2282,2016-02-25,1.49
2283,2016-02-26,1.5
2284,2016-02-27,1.5
2285,2016-02-28,1.5
2286,2016-02-29,1.52
2287,2016-03-01,1.52
2288,2016-03-02,1.5
2289,2016-03-03,1.49
2290,2016-03-04,1.49
2291,2016-03-05,1.49
2292,2016-03-06,1.49
2293,2016-03-07,1.49
2294,2016-03-08,1.49
2295,2016-03-09,1.48
2296,2016-03-10,1.5
2297,2016-03-11,1.48
2298,2016-03-12,1.48
2299,2016-03-13,1.48
2300,2016-03-14,1.48
2301,2016-03-15,1.48
2302,2016-03-16,1.48
2303,2016-03-17,1.48
2304,2016-03-18,1.49
2305,2016-03-19,1.49
2306,2016-03-20,1.49
2307,2016-03-21,1.49
2308,2016-03-22,1.49
2309,2016-03-23,1.49
2310,2016-03-24,1.49
2311,2016-03-25,1.49
2312,2016-03-26,1.49
2313,2016-03-27,1.49
2314,2016-03-28,1.49
2315,2016-03-29,1.49
2316,2016-03-30,1.51
2317,2016-03-31,1.53
2318,2016-04-01,1.5
2319,2016-04-02,1.5
2320,2016-04-03,1.5
2321,2016-04-04,1.46
2322,2016-04-05,1.49
2323,2016-04-06,1.48
2324,2016-04-07,1.48
2325,2016-04-08,1.48
2326,2016-04-09,1.48
2327,2016-04-10,1.48
2328,2016-04-11,1.48
2329,2016-04-12,1.48
2330,2016-04-13,1.48
2331,2016-04-14,1.49
2332,2016-04-15,1.48
2333,2016-04-16,1.48
2334,2016-04-17,1.48
2335,2016-04-18,1.49
2336,2016-04-19,1.48
2337,2016-04-20,1.49
2338,2016-04-21,1.48
2339,2016-04-22,1.48
2340,2016-04-23,1.48
2341,2016-04-24,1.48
2342,2016-04-25,1.49
2343,2016-04-26,1.49
2344,2016-04-27,1.48
2345,2016-04-28,1.48
2346,2016-04-29,1.5
2347,2016-04-30,1.5
2348,2016-05-01,1.5
2349,2016-05-02,1.48
2350,2016-05-03,1.48
2351,2016-05-04,1.48
2352,2016-05-05,1.48
2353,2016-05-06,1.48
2354,2016-05-07,1.48
2355,2016-05-08,1.48
2356,2016-05-09,1.48
2357,2016-05-10,1.5
2358,2016-05-11,1.54
2359,2016-05-12,1.49
2360,2016-05-13,1.49
2361,2016-05-14,1.49
2362,2016-05-15,1.49
2363,2016-05-16,1.49
2364,2016-05-17,1.49
2365,2016-05-18,1.49
2366,2016-05-19,1.49
2367,2016-05-20,1.49
2368,2016-05-21,1.49
2369,2016-05-22,1.49
2370,2016-05-23,1.49
2371,2016-05-24,1.49
2372,2016-05-25,1.49
2373,2016-05-26,1.49
2374,2016-05-27,1.48
2375,2016-05-28,1.48
2376,2016-05-29,1.48
2377,2016-05-30,1.48
2378,2016-05-31,1.48
2379,2016-06-01,1.48
2380,2016-06-02,1.49
2381,2016-06-03,1.47
2382,2016-06-04,1.47
2383,2016-06-05,1.47
2384,2016-06-06,1.47
2385,2016-06-07,1.49
2386,2016-06-08,1.48
2387,2016-06-09,1.24
2388,2016-06-10,1.24
2389,2016-06-11,1.24
2390,2016-06-12,1.24
2391,2016-06-13,1.24
2392,2016-06-14,1.24
2393,2016-06-15,1.24
2394,2016-06-16,1.24
2395,2016-06-17,1.24
2396,2016-06-18,1.24
2397,2016-06-19,1.24
2398,2016-06-20,1.24
2399,2016-06-21,1.24
2400,2016-06-22,1.24
2401,2016-06-23,1.24
2402,2016-06-24,1.24
2403,2016-06-25,1.24
2404,2016-06-26,1.24
2405,2016-06-27,1.24
2406,2016-06-28,1.22
2407,2016-06-29,1.22
2408,2016-06-30,1.23
2409,2016-07-01,1.2
2410,2016-07-02,1.2
2411,2016-07-03,1.2
2412,2016-07-04,1.2
2413,2016-07-05,1.23
2414,2016-07-06,1.23
2415,2016-07-07,1.23
2416,2016-07-08,1.23
2417,2016-07-09,1.23
2418,2016-07-10,1.23
2419,2016-07-11,1.23
2420,2016-07-12,1.23
2421,2016-07-13,1.23
2422,2016-07-14,1.23
2423,2016-07-15,1.23
2424,2016-07-16,1.23
2425,2016-07-17,1.23
2426,2016-07-18,1.23
2427,2016-07-19,1.23
2428,2016-07-20,1.23
2429,2016-07-21,1.23
2430,2016-07-22,1.23
2431,2016-07-23,1.23
2432,2016-07-24,1.23
2433,2016-07-25,1.23
2434,2016-07-26,1.23
2435,2016-07-27,1.21
2436,2016-07-28,1.22
2437,2016-07-29,1.24
2438,2016-07-30,1.24
2439,2016-07-31,1.24
2440,2016-08-01,1.23
2441,2016-08-02,1.23
2442,2016-08-03,1.23
2443,2016-08-04,1.23
2444,2016-08-05,1.23
2445,2016-08-06,1.23
2446,2016-08-07,1.23
2447,2016-08-08,1.23
2448,2016-08-09,1.23
2449,2016-08-10,1.23
2450,2016-08-11,1.23
2451,2016-08-12,1.23
2452,2016-08-13,1.23
2453,2016-08-14,1.23
2454,2016-08-15,1.23
2455,2016-08-16,1.23
2456,2016-08-17,1.23
2457,2016-08-18,1.23
2458,2016-08-19,1.23
2459,2016-08-20,1.23
2460,2016-08-21,1.23
2461,2016-08-22,1.23
2462,2016-08-23,1.23
2463,2016-08-24,1.24
2464,2016-08-25,1.24
2465,2016-08-26,1.24
2466,2016-08-27,1.24
2467,2016-08-28,1.24
2468,2016-08-29,1.24
2469,2016-08-30,1.24
2470,2016-08-31,1.25
2471,2016-09-01,1.24
2472,2016-09-02,1.23
2473,2016-09-03,1.23
2474,2016-09-04,1.23
2475,2016-09-05,1.22
2476,2016-09-06,1.24
2477,2016-09-07,1.23
2478,2016-09-08,1.25
2479,2016-09-09,1.25
2480,2016-09-10,1.25
2481,2016-09-11,1.25
2482,2016-09-12,1.24
2483,2016-09-13,1.24
2484,2016-09-14,1.24
2485,2016-09-15,1.24
2486,2016-09-16,1.24
2487,2016-09-17,1.24
2488,2016-09-18,1.24
2489,2016-09-19,1.24
2490,2016-09-20,1.24
2491,2016-09-21,1.24
2492,2016-09-22,1.24
2493,2016-09-23,1.24
2494,2016-09-24,1.24
2495,2016-09-25,1.24
2496,2016-09-26,1.24
2497,2016-09-27,1.24
2498,2016-09-28,1.25
2499,2016-09-29,1.25
2500,2016-09-30,1.26
2501,2016-10-01,1.26
2502,2016-10-02,1.26
2503,2016-10-03,1.26
2504,2016-10-04,1.25
2505,2016-10-05,1.24
2506,2016-10-06,1.24
2507,2016-10-07,1.23
2508,2016-10-08,1.23
2509,2016-10-09,1.23
2510,2016-10-10,1.23
2511,2016-10-11,1.24
2512,2016-10-12,1.24
2513,2016-10-13,1.23
2514,2016-10-14,1.24
2515,2016-10-15,1.24
2516,2016-10-16,1.24
2517,2016-10-17,1.24
2518,2016-10-18,1.23
2519,2016-10-19,1.23
2520,2016-10-20,1.23
2521,2016-10-21,1.24
2522,2016-10-22,1.24
2523,2016-10-23,1.24
2524,2016-10-24,1.24
2525,2016-10-25,1.23
2526,2016-10-26,1.23
2527,2016-10-27,1.23
2528,2016-10-28,1.18
2529,2016-10-29,1.18
2530,2016-10-30,1.18
2531,2016-10-31,1.24
2532,2016-11-01,1.22
2533,2016-11-02,1.22
2534,2016-11-03,1.22
2535,2016-11-04,1.24
2536,2016-11-05,1.24
2537,2016-11-06,1.24
2538,2016-11-07,1.24
2539,2016-11-08,1.24
2540,2016-11-09,1.24
2541,2016-11-10,1.23
2542,2016-11-11,1.23
2543,2016-11-12,1.23
2544,2016-11-13,1.23
2545,2016-11-14,1.24
2546,2016-11-15,1.24
2547,2016-11-16,1.24
2548,2016-11-17,1.24
2549,2016-11-18,1.23
2550,2016-11-19,1.23
2551,2016-11-20,1.23
2552,2016-11-21,1.19
2553,2016-11-22,1.23
2554,2016-11-23,1.23
2555,2016-11-24,1.23
2556,2016-11-25,1.22
2557,2016-11-26,1.22
2558,2016-11-27,1.22
2559,2016-11-28,1.19
2560,2016-11-29,1.2
2561,2016-11-30,1.23
2562,2016-12-01,1.21
2563,2016-12-02,1.16
2564,2016-12-03,1.16
2565,2016-12-04,1.16
2566,2016-12-05,1.2
2567,2016-12-06,1.23
2568,2016-12-07,1.23
2569,2016-12-08,1.23
2570,2016-12-09,1.23
2571,2016-12-10,1.23
2572,2016-12-11,1.23
2573,2016-12-12,1.23
2574,2016-12-13,1.22
2575,2016-12-14,1.22
2576,2016-12-15,1.22
2577,2016-12-16,1.2
2578,2016-12-17,1.2
2579,2016-12-18,1.2
2580,2016-12-19,1.23
2581,2016-12-20,1.2
2582,2016-12-21,1.22
2583,2016-12-22,1.23
2584,2016-12-23,1.24
2585,2016-12-24,1.24
2586,2016-12-25,1.24
2587,2016-12-26,1.24
2588,2016-12-27,1.24
2589,2016-12-28,1.23
2590,2016-12-29,1.24
2591,2016-12-30,1.27
2592,2016-12-31,1.27
2593,2017-01-01,1.27
2594,2017-01-02,1.26
2595,2017-01-03,1.24
2596,2017-01-04,1.24
2597,2017-01-05,1.24
2598,2017-01-06,1.24
2599,2017-01-07,1.24
2600,2017-01-08,1.24
2601,2017-01-09,1.24
2602,2017-01-10,1.25
2603,2017-01-11,1.24
2604,2017-01-12,1.23
2605,2017-01-13,1.24
2606,2017-01-14,1.24
2607,2017-01-15,1.24
2608,2017-01-16,1.24
2609,2017-01-17,1.23
2610,2017-01-18,1.23
2611,2017-01-19,1.24
2612,2017-01-20,1.24
2613,2017-01-21,1.24
2614,2017-01-22,1.24
2615,2017-01-23,1.24
2616,2017-01-24,1.25
2617,2017-01-25,1.25
2618,2017-01-26,1.26
2619,2017-01-27,1.26
2620,2017-01-28,1.26
2621,2017-01-29,1.26
2622,2017-01-30,1.26
2623,2017-01-31,1.25
2624,2017-02-01,1.23
2625,2017-02-02,1.23
2626,2017-02-03,1.23
2627,2017-02-04,1.23
2628,2017-02-05,1.23
2629,2017-02-06,1.22
2630,2017-02-07,1.21
2631,2017-02-08,1.22
2632,2017-02-09,1.23
2633,2017-02-10,1.23
2634,2017-02-11,1.23
2635,2017-02-12,1.23
2636,2017-02-13,1.23
2637,2017-02-14,1.23
2638,2017-02-15,1.23
2639,2017-02-16,1.22
2640,2017-02-17,1.23
2641,2017-02-18,1.23
2642,2017-02-19,1.23
2643,2017-02-20,1.23
2644,2017-02-21,1.23
2645,2017-02-22,1.24
2646,2017-02-23,1.24
2647,2017-02-24,1.24
2648,2017-02-25,1.24
2649,2017-02-26,1.24
2650,2017-02-27,1.24
2651,2017-02-28,1.26
2652,2017-03-01,1.26
2653,2017-03-02,1.24
2654,2017-03-03,1.23
2655,2017-03-04,1.23
2656,2017-03-05,1.23
2657,2017-03-06,1.2
2658,2017-03-07,1.18
2659,2017-03-08,1.23
2660,2017-03-09,1.24
2661,2017-03-10,1.24
2662,2017-03-11,1.24
2663,2017-03-12,1.24
2664,2017-03-13,1.23
2665,2017-03-14,1.23
2666,2017-03-15,1.23
2667,2017-03-16,1.22
2668,2017-03-17,1.2
2669,2017-03-18,1.2
2670,2017-03-19,1.2
2671,2017-03-20,1.22
2672,2017-03-21,1.22
2673,2017-03-22,1.22
2674,2017-03-23,1.23
2675,2017-03-24,1.22
2676,2017-03-25,1.22
2677,2017-03-26,1.22
2678,2017-03-27,1.23
2679,2017-03-28,1.22
2680,2017-03-29,1.24
2681,2017-03-30,1.25
2682,2017-03-31,1.27
2683,2017-04-01,1.27
2684,2017-04-02,1.27
2685,2017-04-03,1.25
2686,2017-04-04,1.23
2687,2017-04-05,1.23
2688,2017-04-06,1.23
2689,2017-04-07,1.23
2690,2017-04-08,1.23
2691,2017-04-09,1.23
2692,2017-04-10,1.23
2693,2017-04-11,1.23
2694,2017-04-12,1.23
2695,2017-04-13,1.23
2696,2017-04-14,1.23
2697,2017-04-15,1.23
2698,2017-04-16,1.23
2699,2017-04-17,1.23
2700,2017-04-18,1.23
2701,2017-04-19,1.23
2702,2017-04-20,1.24
2703,2017-04-21,1.24
2704,2017-04-22,1.24
2705,2017-04-23,1.24
2706,2017-04-24,1.24
2707,2017-04-25,1.23
2708,2017-04-26,1.22
2709,2017-04-27,1.17
2710,2017-04-28,1.21
2711,2017-04-29,1.21
2712,2017-04-30,1.21
2713,2017-05-01,1.21
2714,2017-05-02,1.22
2715,2017-05-03,1.22
2716,2017-05-04,1.22
2717,2017-05-05,1.22
2718,2017-05-06,1.22
2719,2017-05-07,1.22
2720,2017-05-08,1.23
2721,2017-05-09,1.23
2722,2017-05-10,1.23
2723,2017-05-11,1.23
2724,2017-05-12,1.23
2725,2017-05-13,1.23
2726,2017-05-14,1.23
2727,2017-05-15,1.23
2728,2017-05-16,1.23
2729,2017-05-17,1.23
2730,2017-05-18,1.23
2731,2017-05-19,1.23
2732,2017-05-20,1.23
2733,2017-05-21,1.23
2734,2017-05-22,1.23
2735,2017-05-23,1.23
2736,2017-05-24,1.23
2737,2017-05-25,1.22
2738,2017-05-26,1.23
2739,2017-05-27,1.23
2740,2017-05-28,1.23
2741,2017-05-29,1.23
2742,2017-05-30,1.24
2743,2017-05-31,1.26
2744,2017-06-01,1.25
2745,2017-06-02,1.22
2746,2017-06-03,1.22
2747,2017-06-04,1.22
2748,2017-06-05,1.24
2749,2017-06-06,1.24
2750,2017-06-07,1.23
2751,2017-06-08,1.24
2752,2017-06-09,1.23
2753,2017-06-10,1.23
2754,2017-06-11,1.23
2755,2017-06-12,1.23
2756,2017-06-13,1.23
2757,2017-06-14,1.23
2758,2017-06-15,1.23
2759,2017-06-16,1.23
2760,2017-06-17,1.23
2761,2017-06-18,1.23
2762,2017-06-19,1.23
2763,2017-06-20,1.23
2764,2017-06-21,1.23
2765,2017-06-22,1.23
2766,2017-06-23,1.24
2767,2017-06-24,1.24
2768,2017-06-25,1.24
2769,2017-06-26,1.25
2770,2017-06-27,1.25
2771,2017-06-28,1.25
2772,2017-06-29,1.27
2773,2017-06-30,1.29
2774,2017-07-01,1.29
2775,2017-07-02,1.29
2776,2017-07-03,1.26
2777,2017-07-04,1.23
2778,2017-07-05,1.22
2779,2017-07-06,1.23
2780,2017-07-07,1.24
2781,2017-07-08,1.24
2782,2017-07-09,1.24
2783,2017-07-10,1.24
2784,2017-07-11,1.24
2785,2017-07-12,1.24
2786,2017-07-13,1.24
2787,2017-07-14,1.24
2788,2017-07-15,1.24
2789,2017-07-16,1.24
2790,2017-07-17,1.23
2791,2017-07-18,1.23
2792,2017-07-19,1.23
2793,2017-07-20,1.23
2794,2017-07-21,1.24
2795,2017-07-22,1.24
2796,2017-07-23,1.24
2797,2017-07-24,1.24
2798,2017-07-25,1.24
2799,2017-07-26,1.24
2800,2017-07-27,1.24
2801,2017-07-28,1.23
2802,2017-07-29,1.23
2803,2017-07-30,1.23
2804,2017-07-31,1.24
2805,2017-08-01,1.23
2806,2017-08-02,1.21
2807,2017-08-03,1.22
2808,2017-08-04,1.22
2809,2017-08-05,1.22
2810,2017-08-06,1.22
2811,2017-08-07,1.2
2812,2017-08-08,1.18
2813,2017-08-09,1.23
2814,2017-08-10,1.23
2815,2017-08-11,1.23
2816,2017-08-12,1.23
2817,2017-08-13,1.23
2818,2017-08-14,1.21
2819,2017-08-15,1.21
2820,2017-08-16,1.21
2821,2017-08-17,1.22
2822,2017-08-18,1.23
2823,2017-08-19,1.23
2824,2017-08-20,1.23
2825,2017-08-21,1.23
2826,2017-08-22,1.23
2827,2017-08-23,1.23
2828,2017-08-24,1.24
2829,2017-08-25,1.24
2830,2017-08-26,1.24
2831,2017-08-27,1.24
2832,2017-08-28,1.25
2833,2017-08-29,1.25
2834,2017-08-30,1.25
2835,2017-08-31,1.27
2836,2017-09-01,1.26
2837,2017-09-02,1.26
2838,2017-09-03,1.26
2839,2017-09-04,1.25
2840,2017-09-05,1.24
2841,2017-09-06,1.24
2842,2017-09-07,1.25
2843,2017-09-08,1.25
2844,2017-09-09,1.25
2845,2017-09-10,1.25
2846,2017-09-11,1.25
2847,2017-09-12,1.26
2848,2017-09-13,1.26
2849,2017-09-14,1.26
2850,2017-09-15,1.25
2851,2017-09-16,1.25
2852,2017-09-17,1.25
2853,2017-09-18,1.25
2854,2017-09-19,1.24
2855,2017-09-20,1.25
2856,2017-09-21,1.25
2857,2017-09-22,1.25
2858,2017-09-23,1.25
2859,2017-09-24,1.25
2860,2017-09-25,1.26
2861,2017-09-26,1.25
2862,2017-09-27,1.26
2863,2017-09-28,1.26
2864,2017-09-29,1.27
2865,2017-09-30,1.27
2866,2017-10-01,1.27
2867,2017-10-02,1.27
2868,2017-10-03,1.27
2869,2017-10-04,1.27
2870,2017-10-05,1.27
2871,2017-10-06,1.27
2872,2017-10-07,1.27
2873,2017-10-08,1.27
2874,2017-10-09,1.27
2875,2017-10-10,1.26
2876,2017-10-11,1.24
2877,2017-10-12,1.25
2878,2017-10-13,1.25
2879,2017-10-14,1.25
2880,2017-10-15,1.25
2881,2017-10-16,1.25
2882,2017-10-17,1.24
2883,2017-10-18,1.24
2884,2017-10-19,1.24
2885,2017-10-20,1.24
2886,2017-10-21,1.24
2887,2017-10-22,1.24
2888,2017-10-23,1.24
2889,2017-10-24,1.24
2890,2017-10-25,1.24
2891,2017-10-26,1.25
2892,2017-10-27,1.24
2893,2017-10-28,1.24
2894,2017-10-29,1.24
2895,2017-10-30,1.23
2896,2017-10-31,1.26
2897,2017-11-01,1.24
2898,2017-11-02,1.24
2899,2017-11-03,1.24
2900,2017-11-04,1.24
2901,2017-11-05,1.24
2902,2017-11-06,1.23
2903,2017-11-07,1.25
2904,2017-11-08,1.23
2905,2017-11-09,1.24
2906,2017-11-10,1.24
2907,2017-11-11,1.24
2908,2017-11-12,1.24
2909,2017-11-13,1.25
2910,2017-11-14,1.24
2911,2017-11-15,1.24
2912,2017-11-16,1.24
2913,2017-11-17,1.24
2914,2017-11-18,1.24
2915,2017-11-19,1.24
2916,2017-11-20,1.25
2917,2017-11-21,1.25
2918,2017-11-22,1.24
2919,2017-11-23,1.25
2920,2017-11-24,1.25
2921,2017-11-25,1.25
2922,2017-11-26,1.25
2923,2017-11-27,1.26
2924,2017-11-28,1.26
2925,2017-11-29,1.26
2926,2017-11-30,1.53
2927,2017-12-01,1.48
2928,2017-12-02,1.48
2929,2017-12-03,1.48
2930,2017-12-04,1.48
2931,2017-12-05,1.47
2932,2017-12-06,1.48
2933,2017-12-07,1.49
2934,2017-12-08,1.52
2935,2017-12-09,1.52
2936,2017-12-10,1.52
2937,2017-12-11,1.52
2938,2017-12-12,1.51
2939,2017-12-13,1.5
2940,2017-12-14,1.5
2941,2017-12-15,1.51
2942,2017-12-16,1.51
2943,2017-12-17,1.51
2944,2017-12-18,1.5
2945,2017-12-19,1.5
2946,2017-12-20,1.51
2947,2017-12-21,1.53
2948,2017-12-22,1.51
2949,2017-12-23,1.51
2950,2017-12-24,1.51
2951,2017-12-25,1.51
2952,2017-12-26,1.52
2953,2017-12-27,1.51
2954,2017-12-28,1.55
2955,2017-12-29,1.58
2956,2017-12-30,1.58
2957,2017-12-31,1.58
2958,2018-01-01,1.58
2959,2018-01-02,1.52
2960,2018-01-03,1.5
2961,2018-01-04,1.48
2962,2018-01-05,1.47
2963,2018-01-06,1.47
2964,2018-01-07,1.47
2965,2018-01-08,1.46
2966,2018-01-09,1.49
2967,2018-01-10,1.51
2968,2018-01-11,1.5
2969,2018-01-12,1.5
2970,2018-01-13,1.5
2971,2018-01-14,1.5
2972,2018-01-15,1.5
2973,2018-01-16,1.5
2974,2018-01-17,1.49
2975,2018-01-18,1.49
2976,2018-01-19,1.49
2977,2018-01-20,1.49
2978,2018-01-21,1.49
2979,2018-01-22,1.49
2980,2018-01-23,1.49
2981,2018-01-24,1.49
2982,2018-01-25,1.49
2983,2018-01-26,1.49
2984,2018-01-27,1.49
2985,2018-01-28,1.49
2986,2018-01-29,1.49
2987,2018-01-30,1.49
2988,2018-01-31,1.54
2989,2018-02-01,1.5
2990,2018-02-02,1.46
2991,2018-02-03,1.46
2992,2018-02-04,1.46
2993,2018-02-05,1.48
2994,2018-02-06,1.47
2995,2018-02-07,1.49
2996,2018-02-08,1.47
2997,2018-02-09,1.5
2998,2018-02-10,1.5
2999,2018-02-11,1.5
3000,2018-02-12,1.51
3001,2018-02-13,1.51
3002,2018-02-14,1.51
3003,2018-02-15,1.51
3004,2018-02-16,1.51
3005,2018-02-17,1.51
3006,2018-02-18,1.51
3007,2018-02-19,1.5
3008,2018-02-20,1.48
3009,2018-02-21,1.48
3010,2018-02-22,1.49
3011,2018-02-23,1.48
3012,2018-02-24,1.48
3013,2018-02-25,1.48
3014,2018-02-26,1.48
3015,2018-02-27,1.5
3016,2018-02-28,1.51
3017,2018-03-01,1.51
3018,2018-03-02,1.5
3019,2018-03-03,1.5
3020,2018-03-04,1.5
3021,2018-03-05,1.46
3022,2018-03-06,1.43
3023,2018-03-07,1.48
3024,2018-03-08,1.5
3025,2018-03-09,1.49
3026,2018-03-10,1.49
3027,2018-03-11,1.49
3028,2018-03-12,1.5
3029,2018-03-13,1.5
3030,2018-03-14,1.5
3031,2018-03-15,1.49
3032,2018-03-16,1.5
3033,2018-03-17,1.5
3034,2018-03-18,1.5
3035,2018-03-19,1.5
3036,2018-03-20,1.49
3037,2018-03-21,1.49
3038,2018-03-22,1.5
3039,2018-03-23,1.51
3040,2018-03-24,1.51
3041,2018-03-25,1.51
3042,2018-03-26,1.5
3043,2018-03-27,1.48
3044,2018-03-28,1.48
3045,2018-03-29,1.48
3046,2018-03-30,1.54
3047,2018-03-31,1.54
3048,2018-04-01,1.54
3049,2018-04-02,1.49
3050,2018-04-03,1.44
3051,2018-04-04,1.46
3052,2018-04-05,1.46
3053,2018-04-06,1.44
3054,2018-04-07,1.44
3055,2018-04-08,1.44
3056,2018-04-09,1.48
3057,2018-04-10,1.49
3058,2018-04-11,1.48
3059,2018-04-12,1.48
3060,2018-04-13,1.49
3061,2018-04-14,1.49
3062,2018-04-15,1.49
3063,2018-04-16,1.46
3064,2018-04-17,1.47
3065,2018-04-18,1.47
3066,2018-04-19,1.47
3067,2018-04-20,1.47
3068,2018-04-21,1.47
3069,2018-04-22,1.47
3070,2018-04-23,1.47
3071,2018-04-24,1.48
3072,2018-04-25,1.48
3073,2018-04-26,1.48
3074,2018-04-27,1.46
3075,2018-04-28,1.46
3076,2018-04-29,1.46
3077,2018-04-30,1.51
3078,2018-05-01,1.51
3079,2018-05-02,1.5
3080,2018-05-03,1.49
3081,2018-05-04,1.49
3082,2018-05-05,1.49
3083,2018-05-06,1.49
3084,2018-05-07,1.49
3085,2018-05-08,1.48
3086,2018-05-09,1.48
3087,2018-05-10,1.49
3088,2018-05-11,1.49
3089,2018-05-12,1.49
3090,2018-05-13,1.49
3091,2018-05-14,1.49
3092,2018-05-15,1.49
3093,2018-05-16,1.49
3094,2018-05-17,1.48
3095,2018-05-18,1.49
3096,2018-05-19,1.49
3097,2018-05-20,1.49
3098,2018-05-21,1.49
3099,2018-05-22,1.49
3100,2018-05-23,1.5
3101,2018-05-24,1.5
3102,2018-05-25,1.51
3103,2018-05-26,1.51
3104,2018-05-27,1.51
3105,2018-05-28,1.51
3106,2018-05-29,1.5
3107,2018-05-30,1.52
3108,2018-05-31,1.55
3109,2018-06-01,1.5
3110,2018-06-02,1.5
3111,2018-06-03,1.5
3112,2018-06-04,1.44
3113,2018-06-05,1.48
3114,2018-06-06,1.48
3115,2018-06-07,1.46
3116,2018-06-08,1.49
3117,2018-06-09,1.49
3118,2018-06-10,1.49
3119,2018-06-11,1.47
3120,2018-06-12,1.47
3121,2018-06-13,1.47
3122,2018-06-14,1.49
3123,2018-06-15,1.49
3124,2018-06-16,1.49
3125,2018-06-17,1.49
3126,2018-06-18,1.49
3127,2018-06-19,1.47
3128,2018-06-20,1.49
3129,2018-06-21,1.49
3130,2018-06-22,1.5
3131,2018-06-23,1.5
3132,2018-06-24,1.5
3133,2018-06-25,1.5
3134,2018-06-26,1.46
3135,2018-06-27,1.49
3136,2018-06-28,1.53
3137,2018-06-29,1.57
3138,2018-06-30,1.57
3139,2018-07-01,1.57
3140,2018-07-02,1.53
3141,2018-07-03,1.47
3142,2018-07-04,1.46
3143,2018-07-05,1.46
3144,2018-07-06,1.43
3145,2018-07-07,1.43
3146,2018-07-08,1.43
3147,2018-07-09,1.49
3148,2018-07-10,1.49
3149,2018-07-11,1.48
3150,2018-07-12,1.51
3151,2018-07-13,1.48
3152,2018-07-14,1.48
3153,2018-07-15,1.48
3154,2018-07-16,1.49
3155,2018-07-17,1.47
3156,2018-07-18,1.48
3157,2018-07-19,1.48
3158,2018-07-20,1.48
3159,2018-07-21,1.48
3160,2018-07-22,1.48
3161,2018-07-23,1.48
3162,2018-07-24,1.5
3163,2018-07-25,1.5
3164,2018-07-26,1.5
3165,2018-07-27,1.49
3166,2018-07-28,1.49
3167,2018-07-29,1.49
3168,2018-07-30,1.49
3169,2018-07-31,1.52
3170,2018-08-01,1.5
3171,2018-08-02,1.49
3172,2018-08-03,1.49
3173,2018-08-04,1.49
3174,2018-08-05,1.49
3175,2018-08-06,1.49
3176,2018-08-07,1.44
3177,2018-08-08,1.48
3178,2018-08-09,1.49
3179,2018-08-10,1.48
3180,2018-08-11,1.48
3181,2018-08-12,1.48
3182,2018-08-13,1.49
3183,2018-08-14,1.49
3184,2018-08-15,1.49
3185,2018-08-16,1.49
3186,2018-08-17,1.49
3187,2018-08-18,1.49
3188,2018-08-19,1.49
3189,2018-08-20,1.5
3190,2018-08-21,1.49
3191,2018-08-22,1.49
3192,2018-08-23,1.5
3193,2018-08-24,1.48
3194,2018-08-25,1.48
3195,2018-08-26,1.48
3196,2018-08-27,1.49
3197,2018-08-28,1.49
3198,2018-08-29,1.49
3199,2018-08-30,1.51
3200,2018-08-31,1.55
3201,2018-09-01,1.55
3202,2018-09-02,1.55
3203,2018-09-03,1.54
3204,2018-09-04,1.45
3205,2018-09-05,1.49
3206,2018-09-06,1.51
3207,2018-09-07,1.64
3208,2018-09-08,1.64
3209,2018-09-09,1.64
3210,2018-09-10,1.55
3211,2018-09-11,1.52
3212,2018-09-12,1.51
3213,2018-09-13,1.52
3214,2018-09-14,1.51
3215,2018-09-15,1.51
3216,2018-09-16,1.51
3217,2018-09-17,1.51
3218,2018-09-18,1.51
3219,2018-09-19,1.51
3220,2018-09-20,1.55
3221,2018-09-21,1.6
3222,2018-09-22,1.6
3223,2018-09-23,1.6
3224,2018-09-24,1.6
3225,2018-09-25,1.6
3226,2018-09-26,1.6
3227,2018-09-27,1.59
3228,2018-09-28,1.65
3229,2018-09-29,1.65
3230,2018-09-30,1.65
3231,2018-10-01,1.55
3232,2018-10-02,1.51
3233,2018-10-03,1.51
3234,2018-10-04,1.5
3235,2018-10-05,1.5
3236,2018-10-06,1.5
3237,2018-10-07,1.5
3238,2018-10-08,1.47
3239,2018-10-09,1.47
3240,2018-10-10,1.48
3241,2018-10-11,1.5
3242,2018-10-12,1.52
3243,2018-10-13,1.52
3244,2018-10-14,1.52
3245,2018-10-15,1.5
3246,2018-10-16,1.49
3247,2018-10-17,1.51
3248,2018-10-18,1.5
3249,2018-10-19,1.5
3250,2018-10-20,1.5
3251,2018-10-21,1.5
3252,2018-10-22,1.53
3253,2018-10-23,1.54
3254,2018-10-24,1.56
3255,2018-10-25,1.54
3256,2018-10-26,1.53
3257,2018-10-27,1.53
3258,2018-10-28,1.53
3259,2018-10-29,1.49
3260,2018-10-30,1.49
3261,2018-10-31,1.57
3262,2018-11-01,1.51
3263,2018-11-02,1.45
3264,2018-11-03,1.45
3265,2018-11-04,1.45
3266,2018-11-05,1.47
3267,2018-11-06,1.44
3268,2018-11-07,1.48
3269,2018-11-08,1.48
3270,2018-11-09,1.49
3271,2018-11-10,1.49
3272,2018-11-11,1.49
3273,2018-11-12,1.5
3274,2018-11-13,1.51
3275,2018-11-14,1.5
3276,2018-11-15,1.51
3277,2018-11-16,1.52
3278,2018-11-17,1.52
3279,2018-11-18,1.52
3280,2018-11-19,1.51
3281,2018-11-20,1.52
3282,2018-11-21,1.5
3283,2018-11-22,1.53
3284,2018-11-23,1.52
3285,2018-11-24,1.52
3286,2018-11-25,1.52
3287,2018-11-26,1.52
3288,2018-11-27,1.49
3289,2018-11-28,1.48
3290,2018-11-29,1.49
3291,2018-11-30,1.76
3292,2018-12-01,1.76
3293,2018-12-02,1.76
3294,2018-12-03,1.74
3295,2018-12-04,1.68
3296,2018-12-05,1.73
3297,2018-12-06,1.71
3298,2018-12-07,1.75
3299,2018-12-08,1.75
3300,2018-12-09,1.75
3301,2018-12-10,1.76
3302,2018-12-11,1.76
3303,2018-12-12,1.77
3304,2018-12-13,1.75
3305,2018-12-14,1.76
3306,2018-12-15,1.76
3307,2018-12-16,1.76
3308,2018-12-17,1.76
3309,2018-12-18,1.75
3310,2018-12-19,1.75
3311,2018-12-20,1.77
3312,2018-12-21,1.78
3313,2018-12-22,1.78
3314,2018-12-23,1.78
3315,2018-12-24,1.77
3316,2018-12-25,1.77
3317,2018-12-26,1.78
3318,2018-12-27,1.82
3319,2018-12-28,1.82
3320,2018-12-29,1.82
3321,2018-12-30,1.82
3322,2018-12-31,1.89
3323,2019-01-01,1.89
3324,2019-01-02,1.83
3325,2019-01-03,1.77
3326,2019-01-04,1.75
3327,2019-01-05,1.75
3328,2019-01-06,1.75
3329,2019-01-07,1.74
3330,2019-01-08,1.74
3331,2019-01-09,1.73
3332,2019-01-10,1.75
3333,2019-01-11,1.75
3334,2019-01-12,1.75
3335,2019-01-13,1.75
3336,2019-01-14,1.73
3337,2019-01-15,1.74
3338,2019-01-16,1.75
3339,2019-01-17,1.75
3340,2019-01-18,1.75
3341,2019-01-19,1.75
3342,2019-01-20,1.75
3343,2019-01-21,1.76
3344,2019-01-22,1.77
3345,2019-01-23,1.78
3346,2019-01-24,1.75
3347,2019-01-25,1.76
3348,2019-01-26,1.76
3349,2019-01-27,1.76
3350,2019-01-28,1.76
3351,2019-01-29,1.74
3352,2019-01-30,1.74
3353,2019-01-31,1.81
3354,2019-02-01,1.74
3355,2019-02-02,1.74
3356,2019-02-03,1.74
3357,2019-02-04,1.74
3358,2019-02-05,1.74
3359,2019-02-06,1.74
3360,2019-02-07,1.75
3361,2019-02-08,1.75
3362,2019-02-09,1.75
3363,2019-02-10,1.75
3364,2019-02-11,1.74
3365,2019-02-12,1.75
3366,2019-02-13,1.74
3367,2019-02-14,1.76
3368,2019-02-15,1.77
3369,2019-02-16,1.77
3370,2019-02-17,1.77
3371,2019-02-18,1.78
3372,2019-02-19,1.76
3373,2019-02-20,1.75
3374,2019-02-21,1.76
3375,2019-02-22,1.76
3376,2019-02-23,1.76
3377,2019-02-24,1.76
3378,2019-02-25,1.77
3379,2019-02-26,1.76
3380,2019-02-27,1.77
3381,2019-02-28,1.8
3382,2019-03-01,1.8
3383,2019-03-02,1.8
3384,2019-03-03,1.8
3385,2019-03-04,1.76
3386,2019-03-05,1.77
3387,2019-03-06,1.75
3388,2019-03-07,1.76
3389,2019-03-08,1.78
3390,2019-03-09,1.78
3391,2019-03-10,1.78
3392,2019-03-11,1.77
3393,2019-03-12,1.76
3394,2019-03-13,1.78
3395,2019-03-14,1.75
3396,2019-03-15,1.73
3397,2019-03-16,1.73
3398,2019-03-17,1.73
3399,2019-03-18,1.76
3400,2019-03-19,1.74
3401,2019-03-20,1.74
3402,2019-03-21,1.74
3403,2019-03-22,1.75
3404,2019-03-23,1.75
3405,2019-03-24,1.75
3406,2019-03-25,1.75
3407,2019-03-26,1.77
3408,2019-03-27,1.74
3409,2019-03-28,1.76
3410,2019-03-29,1.81
3411,2019-03-30,1.81
3412,2019-03-31,1.81
3413,2019-04-01,1.75
3414,2019-04-02,1.75
3415,2019-04-03,1.7
3416,2019-04-04,1.72
3417,2019-04-05,1.75
3418,2019-04-06,1.75
3419,2019-04-07,1.75
3420,2019-04-08,1.76
3421,2019-04-09,1.77
3422,2019-04-10,1.75
3423,2019-04-11,1.78
3424,2019-04-12,1.76
3425,2019-04-13,1.76
3426,2019-04-14,1.76
3427,2019-04-15,1.77
3428,2019-04-16,1.76
3429,2019-04-17,1.73
3430,2019-04-18,1.72
3431,2019-04-19,1.75
3432,2019-04-20,1.75
3433,2019-04-21,1.75
3434,2019-04-22,1.74
3435,2019-04-23,1.75
3436,2019-04-24,1.73
3437,2019-04-25,1.73
3438,2019-04-26,1.73
3439,2019-04-27,1.73
3440,2019-04-28,1.73
3441,2019-04-29,1.73
3442,2019-04-30,1.79
3443,2019-05-01,1.79
3444,2019-05-02,1.75
3445,2019-05-03,1.74
3446,2019-05-04,1.74
3447,2019-05-05,1.74
3448,2019-05-06,1.74
3449,2019-05-07,1.73
3450,2019-05-08,1.73
3451,2019-05-09,1.73
3452,2019-05-10,1.74
3453,2019-05-11,1.74
3454,2019-05-12,1.74
3455,2019-05-13,1.75
3456,2019-05-14,1.73
3457,2019-05-15,1.76
3458,2019-05-16,1.75
3459,2019-05-17,1.74
3460,2019-05-18,1.74
3461,2019-05-19,1.74
3462,2019-05-20,1.76
3463,2019-05-21,1.73
3464,2019-05-22,1.73
3465,2019-05-23,1.74
3466,2019-05-24,1.73
3467,2019-05-25,1.73
3468,2019-05-26,1.73
3469,2019-05-27,1.75
3470,2019-05-28,1.75
3471,2019-05-29,1.75
3472,2019-05-30,1.76
3473,2019-05-31,1.79
3474,2019-06-01,1.79
3475,2019-06-02,1.79
3476,2019-06-03,1.77
3477,2019-06-04,1.75
3478,2019-06-05,1.73
3479,2019-06-06,1.73
3480,2019-06-07,1.77
3481,2019-06-08,1.77
3482,2019-06-09,1.77
3483,2019-06-10,1.75
3484,2019-06-11,1.75
3485,2019-06-12,1.75
3486,2019-06-13,1.75
3487,2019-06-14,1.74
3488,2019-06-15,1.74
3489,2019-06-16,1.74
3490,2019-06-17,1.76
3491,2019-06-18,1.75
3492,2019-06-19,1.76
3493,2019-06-20,1.75
3494,2019-06-21,1.74
3495,2019-06-22,1.74
3496,2019-06-23,1.74
3497,2019-06-24,1.75
3498,2019-06-25,1.75
3499,2019-06-26,1.76
3500,2019-06-27,1.77
3501,2019-06-28,1.83
3502,2019-06-29,1.83
3503,2019-06-30,1.83
3504,2019-07-01,1.75
3505,2019-07-02,1.73
3506,2019-07-03,1.73
3507,2019-07-04,1.73
3508,2019-07-05,1.73
3509,2019-07-06,1.73
3510,2019-07-07,1.73
3511,2019-07-08,1.73
3512,2019-07-09,1.69
3513,2019-07-10,1.74
3514,2019-07-11,1.75
3515,2019-07-12,1.74
3516,2019-07-13,1.74
3517,2019-07-14,1.74
3518,2019-07-15,1.73
3519,2019-07-16,1.72
3520,2019-07-17,1.72
3521,2019-07-18,1.5
3522,2019-07-19,1.49
3523,2019-07-20,1.49
3524,2019-07-21,1.49
3525,2019-07-22,1.48
3526,2019-07-23,1.48
3527,2019-07-24,1.48
3528,2019-07-25,1.5
3529,2019-07-26,1.51
3530,2019-07-27,1.51
3531,2019-07-28,1.51
3532,2019-07-29,1.5
3533,2019-07-30,1.52
3534,2019-07-31,1.56
3535,2019-08-01,1.51
3536,2019-08-02,1.48
3537,2019-08-03,1.48
3538,2019-08-04,1.48
3539,2019-08-05,1.49
3540,2019-08-06,1.49
3541,2019-08-07,1.49
3542,2019-08-08,1.49
3543,2019-08-09,1.5
3544,2019-08-10,1.5
3545,2019-08-11,1.5
3546,2019-08-12,1.52
3547,2019-08-13,1.52
3548,2019-08-14,1.52
3549,2019-08-15,1.52
3550,2019-08-16,1.52
3551,2019-08-17,1.52
3552,2019-08-18,1.52
3553,2019-08-19,1.51
3554,2019-08-20,1.51
3555,2019-08-21,1.51
3556,2019-08-22,1.52
3557,2019-08-23,1.53
3558,2019-08-24,1.53
3559,2019-08-25,1.53
3560,2019-08-26,1.53
3561,2019-08-27,1.53
3562,2019-08-28,1.51
3563,2019-08-29,1.51
3564,2019-08-30,1.54
3565,2019-08-31,1.54
3566,2019-09-01,1.54
3567,2019-09-02,1.5
3568,2019-09-03,1.5
3569,2019-09-04,1.49
3570,2019-09-05,1.5
3571,2019-09-06,1.53
3572,2019-09-07,1.53
3573,2019-09-08,1.53
3574,2019-09-09,1.56
3575,2019-09-10,1.51
3576,2019-09-11,1.49
3577,2019-09-12,1.49
3578,2019-09-13,1.49
3579,2019-09-14,1.49
3580,2019-09-15,1.49
3581,2019-09-16,1.52
3582,2019-09-17,1.52
3583,2019-09-18,1.5
3584,2019-09-19,1.5
3585,2019-09-20,1.51
3586,2019-09-21,1.51
3587,2019-09-22,1.51
3588,2019-09-23,1.51
3589,2019-09-24,1.51
3590,2019-09-25,1.53
3591,2019-09-26,1.53
3592,2019-09-27,1.54
3593,2019-09-28,1.54
3594,2019-09-29,1.54
3595,2019-09-30,1.58
3596,2019-10-01,1.55
3597,2019-10-02,1.51
3598,2019-10-03,1.51
3599,2019-10-04,1.52
3600,2019-10-05,1.52
3601,2019-10-06,1.52
3602,2019-10-07,1.46
3603,2019-10-08,1.48
3604,2019-10-09,1.48
3605,2019-10-10,1.51
3606,2019-10-11,1.55
3607,2019-10-12,1.55
3608,2019-10-13,1.55
3609,2019-10-14,1.53
3610,2019-10-15,1.52
3611,2019-10-16,1.28
3612,2019-10-17,1.25
3613,2019-10-18,1.25
3614,2019-10-19,1.25
3615,2019-10-20,1.25
3616,2019-10-21,1.25
3617,2019-10-22,1.24
3618,2019-10-23,1.24
3619,2019-10-24,1.23
3620,2019-10-25,1.24
3621,2019-10-26,1.24
3622,2019-10-27,1.24
3623,2019-10-28,1.54
3624,2019-10-29,1.24
3625,2019-10-30,1.26
3626,2019-10-31,1.29
3627,2019-11-01,1.25
3628,2019-11-02,1.25
3629,2019-11-03,1.25
3630,2019-11-04,1.25
3631,2019-11-05,1.25
3632,2019-11-06,1.24
3633,2019-11-07,1.26
3634,2019-11-08,1.28
3635,2019-11-09,1.28
3636,2019-11-10,1.28
3637,2019-11-11,1.3
3638,2019-11-12,1.32
3639,2019-11-13,1.32
3640,2019-11-14,1.3
3641,2019-11-15,1.3
3642,2019-11-16,1.3
3643,2019-11-17,1.3
3644,2019-11-18,1.3
3645,2019-11-19,1.29
3646,2019-11-20,1.3
3647,2019-11-21,1.29
3648,2019-11-22,1.29
3649,2019-11-23,1.29
3650,2019-11-24,1.29
3651,2019-11-25,1.27
3652,2019-11-26,1.27
3653,2019-11-27,1.26
3654,2019-11-28,1.25
3655,2019-11-29,1.28
3656,2019-11-30,1.28
3657,2019-12-01,1.28
3658,2019-12-02,1.25
3659,2019-12-03,1.24
3660,2019-12-04,1.24
3661,2019-12-05,1.25
3662,2019-12-06,1.24
3663,2019-12-07,1.24
3664,2019-12-08,1.24
3665,2019-12-09,1.26
3666,2019-12-10,1.28
3667,2019-12-11,1.26
3668,2019-12-12,1.3
3669,2019-12-13,1.3
3670,2019-12-14,1.3
3671,2019-12-15,1.3
3672,2019-12-16,1.29
3673,2019-12-17,1.28
3674,2019-12-18,1.28
3675,2019-12-19,1.29
3676,2019-12-20,1.28
3677,2019-12-21,1.28
3678,2019-12-22,1.28
3679,2019-12-23,1.29
3680,2019-12-24,1.3
3681,2019-12-25,1.3
3682,2019-12-26,1.31
3683,2019-12-27,1.31
3684,2019-12-28,1.31
3685,2019-12-29,1.31
3686,2019-12-30,1.31
3687,2019-12-31,1.39
3688,2020-01-01,1.39
3689,2020-01-02,1.3
3690,2020-01-03,1.27
3691,2020-01-04,1.27
3692,2020-01-05,1.27
3693,2020-01-06,1.29
3694,2020-01-07,1.27
3695,2020-01-08,1.25
3696,2020-01-09,1.28
3697,2020-01-10,1.28
3698,2020-01-11,1.28
3699,2020-01-12,1.28
3700,2020-01-13,1.29
3701,2020-01-14,1.27
3702,2020-01-15,1.27
3703,2020-01-16,1.27
3704,2020-01-17,1.28
3705,2020-01-18,1.28
3706,2020-01-19,1.28
3707,2020-01-20,1.28
3708,2020-01-21,1.29
3709,2020-01-22,1.28
3710,2020-01-23,1.28
3711,2020-01-24,1.28
3712,2020-01-25,1.28
3713,2020-01-26,1.28
3714,2020-01-27,1.28
3715,2020-01-28,1.26
3716,2020-01-29,1.25
3717,2020-01-30,1.24
3718,2020-01-31,1.25
3719,2020-02-01,1.25
3720,2020-02-02,1.25
3721,2020-02-03,1.22
3722,2020-02-04,1.22
3723,2020-02-05,1.23
3724,2020-02-06,1.23
3725,2020-02-07,1.22
3726,2020-02-08,1.22
3727,2020-02-09,1.22
3728,2020-02-10,1.24
3729,2020-02-11,1.26
3730,2020-02-12,1.26
3731,2020-02-13,1.26
3732,2020-02-14,1.24
3733,2020-02-15,1.24
3734,2020-02-16,1.24
3735,2020-02-17,1.24
3736,2020-02-18,1.23
3737,2020-02-19,1.24
3738,2020-02-20,1.23
3739,2020-02-21,1.23
3740,2020-02-22,1.23
3741,2020-02-23,1.23
3742,2020-02-24,1.24
3743,2020-02-25,1.25
3744,2020-02-26,1.25
3745,2020-02-27,1.23
3746,2020-02-28,1.26
3747,2020-02-29,1.26
3748,2020-03-01,1.26
3749,2020-03-02,1.26
3750,2020-03-03,1.26
3751,2020-03-04,1.25
3752,2020-03-05,1.25
3753,2020-03-06,1.24
3754,2020-03-07,1.24
3755,2020-03-08,1.24
3756,2020-03-09,1.26
3757,2020-03-10,1.25
3758,2020-03-11,1.24
3759,2020-03-12,1.25
3760,2020-03-13,1.25
3761,2020-03-14,1.25
3762,2020-03-15,1.25
3763,2020-03-16,1.27
3764,2020-03-17,0.76
3765,2020-03-18,0.73
3766,2020-03-19,0.72
3767,2020-03-20,0.73
3768,2020-03-21,0.73
3769,2020-03-22,0.73
3770,2020-03-23,0.73
3771,2020-03-24,0.72
3772,2020-03-25,0.73
3773,2020-03-26,0.73
3774,2020-03-27,0.75
3775,2020-03-28,0.75
3776,2020-03-29,0.75
3777,2020-03-30,0.76
3778,2020-03-31,0.8
3779,2020-04-01,0.76
3780,2020-04-02,0.74
3781,2020-04-03,0.73
3782,2020-04-04,0.73
3783,2020-04-05,0.73
3784,2020-04-06,0.75
3785,2020-04-07,0.74
3786,2020-04-08,0.73
3787,2020-04-09,0.73
3788,2020-04-10,0.73
3789,2020-04-11,0.73
3790,2020-04-12,0.73
3791,2020-04-13,0.75
3792,2020-04-14,0.74
3793,2020-04-15,0.74
3794,2020-04-16,0.73
3795,2020-04-17,0.74
3796,2020-04-18,0.74
3797,2020-04-19,0.74
3798,2020-04-20,0.75
3799,2020-04-21,0.75
3800,2020-04-22,0.74
3801,2020-04-23,0.74
3802,2020-04-24,0.74
3803,2020-04-25,0.74
3804,2020-04-26,0.74
3805,2020-04-27,0.73
3806,2020-04-28,0.73
3807,2020-04-29,0.76
3808,2020-04-30,0.76
3809,2020-05-01,0.76
3810,2020-05-02,0.76
3811,2020-05-03,0.76
3812,2020-05-04,0.76
3813,2020-05-05,0.76
3814,2020-05-06,0.72
3815,2020-05-07,0.71
3816,2020-05-08,0.72
3817,2020-05-09,0.72
3818,2020-05-10,0.72
3819,2020-05-11,0.73
3820,2020-05-12,0.73
3821,2020-05-13,0.72
3822,2020-05-14,0.72
3823,2020-05-15,0.71
3824,2020-05-16,0.71
3825,2020-05-17,0.71
3826,2020-05-18,0.71
3827,2020-05-19,0.73
3828,2020-05-20,0.72
3829,2020-05-21,0.73
3830,2020-05-22,0.72
3831,2020-05-23,0.72
3832,2020-05-24,0.72
3833,2020-05-25,0.72
3834,2020-05-26,0.72
3835,2020-05-27,0.74
3836,2020-05-28,0.49
3837,2020-05-29,0.49
3838,2020-05-30,0.49
3839,2020-05-31,0.49
3840,2020-06-01,0.49
3841,2020-06-02,0.47
3842,2020-06-03,0.47
3843,2020-06-04,0.46
3844,2020-06-05,0.47
3845,2020-06-06,0.47
3846,2020-06-07,0.47
3847,2020-06-08,0.46
3848,2020-06-09,0.5
3849,2020-06-10,0.49
3850,2020-06-11,0.49
3851,2020-06-12,0.46
3852,2020-06-13,0.46
3853,2020-06-14,0.46
3854,2020-06-15,0.46
3855,2020-06-16,0.46
3856,2020-06-17,0.47
3857,2020-06-18,0.46
3858,2020-06-19,0.46
3859,2020-06-20,0.46
3860,2020-06-21,0.46
3861,2020-06-22,0.47
3862,2020-06-23,0.47
3863,2020-06-24,0.48
3864,2020-06-25,0.47
3865,2020-06-26,0.5
3866,2020-06-27,0.5
3867,2020-06-28,0.5
3868,2020-06-29,0.49
3869,2020-06-30,0.57
3870,2020-07-01,0.48
3871,2020-07-02,0.47
3872,2020-07-03,0.5
3873,2020-07-04,0.5
3874,2020-07-05,0.5
3875,2020-07-06,0.49
3876,2020-07-07,0.45
3877,2020-07-08,0.48
3878,2020-07-09,0.48
3879,2020-07-10,0.49
3880,2020-07-11,0.49
3881,2020-07-12,0.49
3882,2020-07-13,0.5
3883,2020-07-14,0.48
3884,2020-07-15,0.47
3885,2020-07-16,0.49
3886,2020-07-17,0.46
3887,2020-07-18,0.46
3888,2020-07-19,0.46
3889,2020-07-20,0.44
3890,2020-07-21,0.46
3891,2020-07-22,0.45
3892,2020-07-23,0.46
3893,2020-07-24,0.48
3894,2020-07-25,0.48
3895,2020-07-26,0.48
3896,2020-07-27,0.49
3897,2020-07-28,0.47
3898,2020-07-29,0.48
3899,2020-07-30,0.49
3900,2020-07-31,0.51
3901,2020-08-01,0.51
3902,2020-08-02,0.51
3903,2020-08-03,0.51
3904,2020-08-04,0.5
3905,2020-08-05,0.48
3906,2020-08-06,0.49
3907,2020-08-07,0.5
3908,2020-08-08,0.5
3909,2020-08-09,0.5
3910,2020-08-10,0.47
3911,2020-08-11,0.47
3912,2020-08-12,0.49
3913,2020-08-13,0.49
3914,2020-08-14,0.52
3915,2020-08-15,0.52
3916,2020-08-16,0.52
3917,2020-08-17,0.52
3918,2020-08-18,0.52
3919,2020-08-19,0.51
3920,2020-08-20,0.5
3921,2020-08-21,0.53
3922,2020-08-22,0.53
3923,2020-08-23,0.53
3924,2020-08-24,0.53
3925,2020-08-25,0.52
3926,2020-08-26,0.53
3927,2020-08-27,0.5
3928,2020-08-28,0.49
3929,2020-08-29,0.49
3930,2020-08-30,0.49
3931,2020-08-31,0.55
3932,2020-09-01,0.52
3933,2020-09-02,0.49
3934,2020-09-03,0.48
